{"type":"FeatureCollection","features":[{"type":"Feature","id":0,"geometry":{"type":"Polygon","coordinates":[[[121.9900739,13.8049146],[121.9900736,13.804915],[121.9911537,13.8049748],[121.9929379,13.8055958],[121.9940127,13.8062941],[121.995074,13.8072217],[121.9970176,13.8091271],[121.9954716,13.8191392],[121.9965359,13.8340509],[122.0034526,13.8494961],[122.0098371,13.8574836],[122.0226058,13.8660052],[122.0333516,13.8690291],[121.9746297,13.9043633],[121.9634849,13.9057729],[121.9558772,13.9041301],[121.9540505,13.9040669],[121.9527236,13.9048296],[121.9572929,13.892686],[121.9600438,13.8778246],[121.958393,13.8673676],[121.9531756,13.8494152],[121.9545144,13.8486208],[121.9555641,13.8477506],[121.9562557,13.8469772],[121.9572708,13.8457],[121.9577209,13.8440418],[121.9577584,13.8434057],[121.9576067,13.8429914],[121.9573755,13.8419349],[121.9572545,13.8409998],[121.9574194,13.8401959],[121.9578531,13.8398146],[121.9584553,13.8395584],[121.9598942,13.8390594],[121.9607721,13.8391083],[121.9613643,13.8390249],[121.9621527,13.8386056],[121.96303,13.8376679],[121.963429,13.8368786],[121.9636904,13.8364288],[121.9642342,13.83617],[121.9647543,13.8363146],[121.9659805,13.8374273],[121.9672554,13.8387164],[121.969091,13.8394576],[121.9696764,13.8394906],[121.9707606,13.8390295],[121.9715177,13.8381433],[121.9719754,13.8373564],[121.9729663,13.8364836],[121.9737165,13.8357138],[121.9742395,13.8348153],[121.9745869,13.833907],[121.9746447,13.832924],[121.9749369,13.8319545],[121.9753053,13.8316848],[121.9758388,13.8315989],[121.9768927,13.8316575],[121.9771852,13.8316746],[121.978246,13.831618],[121.9788033,13.8311264],[121.9786687,13.8304229],[121.977907,13.8293948],[121.9770217,13.8284757],[121.976418,13.8267599],[121.9761764,13.8258763],[121.975711,13.8248064],[121.9748769,13.8230208],[121.9746218,13.8223688],[121.9745694,13.8212644],[121.9747723,13.820811],[121.9751922,13.8206613],[121.975898,13.8206428],[121.9763597,13.8207848],[121.9769035,13.8205249],[121.9770549,13.8199537],[121.975599,13.8147706],[121.9755569,13.8134923],[121.9764821,13.8117467],[121.9770599,13.8109095],[121.9787015,13.8089737],[121.9808456,13.8074705],[121.9841708,13.8058592],[121.9868599,13.8050826],[121.988812,13.8048443],[121.9900739,13.8049146]]]},"properties":{"FID":0,"MUNCODE":166001,"COUNT":1,"AREA":46928787.438,"PERIMETER":34386.194,"HECTARES":4692.8787438,"REGION":"IV","DIST_CODE":"THIRD","PROVINCE":"QUEZON","MUNICIPALI":"AGDANGAN","NEWFIELD1":" ","area_sqm":0}},{"type":"Feature","id":1,"geometry":{"type":"Polygon","coordinates":[[[122.0559988,14.0747738],[122.0575316,14.0716821],[122.0579005,14.0709377],[122.0590472,14.0680468],[122.0601242,14.0665401],[122.0609344,14.0656561],[122.0622736,14.0647979],[122.0646585,14.064224],[122.067129,14.0642912],[122.0702514,14.064275],[122.0740574,14.0635415],[122.07584,14.0632262],[122.0840865,14.0760245],[122.0921581,14.093773],[122.0965828,14.1063508],[122.0914599,14.1098496],[122.0846799,14.1146506],[122.0786416,14.1187378],[122.0738244,14.1231154],[122.0680399,14.1279639],[122.0609785,14.1335553],[122.0557848,14.1360065],[122.0524397,14.1380309],[122.0507523,14.1387543],[122.0487592,14.1396923],[122.0479095,14.1401692],[122.045431,14.1425258],[122.0396202,14.1466184],[122.0328471,14.1510653],[122.0324128,14.1513404],[122.0271166,14.154698],[122.0236891,14.1571206],[122.0187864,14.1618334],[122.0169906,14.1646264],[122.0147685,14.1665328],[122.0115838,14.1687934],[122.009235,14.1697115],[122.0068865,14.1706307],[122.0048347,14.1715059],[122.0028592,14.1731929],[122.0014979,14.1755468],[122.0000189,14.1778935],[121.9985167,14.1795462],[121.9953037,14.1696095],[121.9864259,14.1550879],[121.9775475,14.1421798],[121.9690883,14.1334308],[121.9712622,14.1301934],[121.9726113,14.128069],[121.9744074,14.126429],[121.9754176,14.1251529],[121.9783297,14.1213174],[121.9796342,14.1189012],[121.9853976,14.1146923],[121.9895796,14.1113829],[121.9920512,14.1091986],[121.993752,14.1082463],[121.9950553,14.1081399],[121.9962908,14.1082038],[121.9974002,14.1084333],[121.9984415,14.1088331],[122.0000831,14.1090332],[122.0026128,14.1091624],[122.0042924,14.1086133],[122.006737,14.1069464],[122.0088459,14.1049175],[122.0106163,14.1014249],[122.0120101,14.099532],[122.012819,14.0987059],[122.0149773,14.0980073],[122.0188356,14.0975111],[122.0217348,14.0973115],[122.0220996,14.0970994],[122.0231374,14.0964007],[122.0247986,14.0961961],[122.0264333,14.0965112],[122.0290796,14.0966451],[122.0313257,14.0965287],[122.0340686,14.095917],[122.0376364,14.0929772],[122.0427755,14.0880942],[122.0466012,14.0858604],[122.0480819,14.0845486],[122.0503433,14.0817718],[122.0528303,14.0780251],[122.0559988,14.0747738]]]},"properties":{"FID":1,"MUNCODE":166002,"COUNT":1,"AREA":76936866.019,"PERIMETER":39881.547,"HECTARES":7693.6866019,"REGION":"IV","DIST_CODE":"FOURTH","PROVINCE":"QUEZON","MUNICIPALI":"ALABAT","NEWFIELD1":" ","area_sqm":0}},{"type":"Feature","id":2,"geometry":{"type":"Polygon","coordinates":[[[121.8156624,14.0012587],[121.8156639,14.001244],[121.8358094,13.9847254],[121.848272,13.974507],[121.8882818,13.9422527],[121.9156069,13.9326912],[121.9149253,13.9405716],[121.9176764,13.9482762],[121.9308819,13.9592839],[121.9501396,13.9647889],[121.9638951,13.9702926],[121.970498,13.9752456],[121.9735345,13.9828075],[121.972604,13.9826397],[121.9715671,13.9832806],[121.9698274,13.9838835],[121.9693104,13.9836801],[121.9688691,13.98319],[121.9680615,13.9819232],[121.9648616,13.9833764],[121.9599428,13.9850821],[121.9576699,13.9867607],[121.9570054,13.9870732],[121.9557752,13.9870057],[121.9536013,13.987002],[121.9527022,13.987301],[121.9522573,13.987342],[121.9515207,13.9874101],[121.9502014,13.9878609],[121.9484349,13.9889268],[121.9434522,13.991736],[121.9396266,13.9938529],[121.9366404,13.9946773],[121.9342161,13.9959391],[121.9333038,13.9964707],[121.9328119,13.9969059],[121.928937,13.9991365],[121.9275083,14.0001326],[121.9259844,14.0007045],[121.9242692,14.0012133],[121.9221095,14.0017846],[121.9199498,14.0027389],[121.9186162,14.0035647],[121.9172915,14.0045657],[121.9161111,14.0057199],[121.9146927,14.0069193],[121.9136475,14.0077339],[121.9119872,14.0090373],[121.9095175,14.0111655],[121.9068738,14.0143855],[121.9016502,14.0207129],[121.8964698,14.0273296],[121.8927021,14.0328621],[121.8903479,14.0361533],[121.8885505,14.037795],[121.8875753,14.0383804],[121.8857544,14.0393258],[121.8833497,14.0412832],[121.877543,14.0473417],[121.8714348,14.052342],[121.865269,14.058438],[121.8604879,14.0628701],[121.8550894,14.0665409],[121.8254608,14.0247286],[121.815397,14.0036011],[121.8153994,14.0035785],[121.8156624,14.0012587]]]},"properties":{"FID":2,"MUNCODE":166003,"COUNT":1,"AREA":110556237.827,"PERIMETER":47542.983,"HECTARES":11055.6237827,"REGION":"IV","DIST_CODE":"FOURTH","PROVINCE":"QUEZON","MUNICIPALI":"ATIMONAN","NEWFIELD1":" ","area_sqm":0}},{"type":"Feature","id":3,"geometry":{"type":"Polygon","coordinates":[[[122.3429376,13.7500236],[122.365246,13.7267171],[122.3936396,13.7145572],[122.4260891,13.7084772],[122.4382576,13.7023974],[122.4544828,13.6861833],[122.4686794,13.6780764],[122.497841,13.6729574],[122.4964926,13.6758831],[122.4937369,13.6817332],[122.4916954,13.6843942],[122.4889341,13.6872491],[122.4853127,13.6906933],[122.4835362,13.6928495],[122.4815892,13.6959197],[122.4806597,13.6987547],[122.4798048,13.7023425],[122.4791828,13.7039246],[122.4788944,13.7058703],[122.4795699,13.7095371],[122.4799656,13.7115949],[122.4802979,13.7133226],[122.4809673,13.7160671],[122.4820061,13.7195809],[122.4834835,13.722656],[122.4850659,13.7249288],[122.4874397,13.7278181],[122.4899089,13.7300792],[122.4921784,13.7316956],[122.4935457,13.7325732],[122.4950471,13.7331685],[122.4961529,13.7334556],[122.4977427,13.7335368],[122.4994766,13.7331639],[122.5016459,13.7324099],[122.5035861,13.7315277],[122.5051565,13.7309161],[122.5060496,13.730789],[122.5068218,13.7307125],[122.5083105,13.7304996],[122.5097567,13.7299973],[122.511275,13.7292668],[122.5124758,13.7289244],[122.5131827,13.7289609],[122.5139973,13.729175],[122.5150867,13.7297501],[122.5155939,13.7301795],[122.5170565,13.7304265],[122.5178122,13.7306382],[122.518434,13.7311311],[122.5192322,13.7316333],[122.5201028,13.7319085],[122.5210485,13.7318991],[122.521739,13.7311838],[122.5223772,13.7303509],[122.5231068,13.729985],[122.5239284,13.7300838],[122.5251356,13.7306648],[122.525692,13.7312694],[122.5262581,13.7327398],[122.5263104,13.7349349],[122.526212,13.7387368],[122.5244869,13.7430905],[122.5229587,13.7460703],[122.5210408,13.7496664],[122.5195547,13.7529367],[122.5165764,13.7564786],[122.5153753,13.7588995],[122.514483,13.7608565],[122.5142951,13.7612686],[122.5131365,13.7650198],[122.5128189,13.7674854],[122.5123117,13.7691334],[122.5115915,13.771406],[122.5110447,13.7727069],[122.5110714,13.7747685],[122.5060651,13.7748478],[122.5045713,13.7737655],[122.5029978,13.7715843],[122.5011751,13.7697994],[122.4994611,13.7699768],[122.4176406,13.8255493],[122.4022716,13.8051222],[122.3429376,13.7500236]]]},"properties":{"FID":3,"MUNCODE":166004,"COUNT":1,"AREA":162778746.407,"PERIMETER":60105.761,"HECTARES":16277.8746407,"REGION":"IV","DIST_CODE":"THIRD","PROVINCE":"QUEZON","MUNICIPALI":"BUENAVISTA","NEWFIELD1":" ","area_sqm":0}},{"type":"Feature","id":4,"geometry":{"type":"MultiPolygon","coordinates":[[[[121.9971586,14.8829454],[121.9992581,14.8830766],[122.0011389,14.8831203],[122.0030197,14.8831641],[122.0054691,14.8832078],[122.0072624,14.8831203],[122.0106303,14.8822455],[122.013036,14.8843887],[122.0134296,14.8864444],[122.0130797,14.8872754],[122.0116363,14.8883252],[122.0104116,14.8883689],[122.0094931,14.8884127],[122.0086621,14.888369],[122.0076998,14.8887189],[122.0068688,14.8888938],[122.002801,14.8886752],[122.0000892,14.8874067],[121.9984271,14.8871006],[121.9972024,14.8870131],[121.9961089,14.8868819],[121.9952672,14.8868765],[121.9947092,14.8866195],[121.9943156,14.8865757],[121.9928285,14.8863571],[121.9918662,14.8833828],[121.994578,14.8823768],[121.9953216,14.8825955],[121.9961089,14.882683],[121.9971586,14.8829454]]],[[[122.0099428,14.893907],[122.0121821,14.8942715],[122.0149423,14.8950527],[122.0171816,14.8976045],[122.0189002,14.8998959],[122.0198897,14.9009895],[122.0210875,14.901979],[122.0236914,14.9036455],[122.0235352,14.9052078],[122.0230665,14.9060931],[122.0223895,14.9074472],[122.0205147,14.9081242],[122.0192127,14.9081242],[122.0184315,14.9081242],[122.0179108,14.90802],[122.0172337,14.9069785],[122.016292,14.9059452],[122.014057,14.9041663],[122.0118176,14.9044788],[122.0094741,14.9054683],[122.0055683,14.9064057],[122.0017666,14.9053121],[122.0014541,14.9039581],[122.001402,14.9022395],[122.0035893,14.9016145],[122.0051516,14.9001564],[122.0053079,14.899271],[122.0061349,14.8963155],[122.0064536,14.8951048],[122.0075472,14.8940112],[122.0099428,14.893907]]],[[[122.0298551,15.0176672],[122.0303893,15.0180707],[122.0309243,15.0183001],[122.031519,15.0184156],[122.032113,15.018704],[122.0324687,15.0191067],[122.0325869,15.0193942],[122.0325859,15.0196824],[122.0321077,15.0202589],[122.0313327,15.0206624],[122.030558,15.0209495],[122.0294856,15.0212376],[122.0283559,15.0209503],[122.0278823,15.020259],[122.0274069,15.019971],[122.0272299,15.0195104],[122.0274698,15.0190492],[122.028244,15.0188186],[122.0285424,15.0185882],[122.0288416,15.018185],[122.0290809,15.0178402],[122.0298551,15.0176672]]],[[[122.0501146,14.9298202],[122.0504428,14.9300827],[122.0515912,14.9297874],[122.0530678,14.9294593],[122.0538225,14.9298858],[122.055135,14.9308374],[122.0554303,14.9324124],[122.05566,14.9332983],[122.055824,14.9339546],[122.0557256,14.934939],[122.0553975,14.9382202],[122.0529037,14.938778],[122.0522146,14.9376296],[122.0512959,14.9361202],[122.0503115,14.9347749],[122.0492943,14.9329702],[122.0482115,14.9322811],[122.0471615,14.9316905],[122.0449303,14.9303124],[122.0453896,14.9286389],[122.0465709,14.9286061],[122.048835,14.9287702],[122.0496225,14.9293936],[122.0501146,14.9298202]]],[[[122.0370658,14.9140477],[122.0383657,14.9140477],[122.0391656,14.9151475],[122.0398322,14.9162474],[122.0408654,14.9179806],[122.041232,14.919747],[122.0406321,14.9201137],[122.0402321,14.9202137],[122.0394322,14.920547],[122.0372325,14.9193471],[122.0364659,14.9189805],[122.0342328,14.9188138],[122.0332662,14.9194471],[122.0305665,14.9204803],[122.0294,14.9192471],[122.0307998,14.9176139],[122.0335662,14.9161474],[122.0341328,14.9156142],[122.0358326,14.913981],[122.0370658,14.9140477]]],[[[122.1092923,14.8895327],[122.1062147,14.8910015],[122.1042357,14.8915146],[122.1032828,14.8907084],[122.1038692,14.8880697],[122.1048953,14.8861641],[122.1073141,14.8859442],[122.1086334,14.8870436],[122.1092923,14.8895327]]],[[[122.1092931,14.8895356],[122.1092923,14.8895327],[122.1094396,14.8894623],[122.1092931,14.8895356]]],[[[121.9993698,14.8381461],[121.9999014,14.8381721],[122.0033575,14.8398787],[122.0047614,14.8411979],[122.0055909,14.8422038],[122.0057974,14.8427245],[122.0059368,14.8443772],[122.0057717,14.845163],[122.0053838,14.8457105],[122.0046644,14.8458441],[122.0041393,14.8457051],[122.0029972,14.8449668],[122.0016045,14.8424566],[121.9999327,14.8396492],[121.9993462,14.8385415],[121.9993698,14.8381461]]],[[[122.0774637,14.8425872],[122.0789706,14.8421763],[122.0800665,14.8419023],[122.0811624,14.8416283],[122.0830802,14.8416283],[122.0844501,14.8420393],[122.085546,14.8429982],[122.0862309,14.844368],[122.086094,14.8456009],[122.085546,14.8466968],[122.085272,14.8475187],[122.0845871,14.8488886],[122.0839022,14.8505324],[122.0817104,14.8539571],[122.0800019,14.8567067],[122.0757185,14.8608314],[122.0741003,14.861815],[122.0691076,14.8649161],[122.0647085,14.8678435],[122.0618212,14.8696838],[122.0609962,14.8704136],[122.0593781,14.8719683],[122.0582358,14.8728567],[122.0568715,14.8736182],[122.0554437,14.8742845],[122.053889,14.874697],[122.0517949,14.8752681],[122.0505892,14.8757758],[122.0488441,14.876569],[122.047448,14.8783141],[122.0444338,14.8802813],[122.0417051,14.8792025],[122.0397379,14.879266],[122.0379293,14.8793295],[122.0366601,14.8793929],[122.0332651,14.8809159],[122.0302509,14.878917],[122.0297749,14.8754903],[122.0291086,14.8722857],[122.0280298,14.8733328],[122.0274904,14.8753317],[122.027078,14.877045],[122.0263799,14.8781873],[122.0255867,14.8792661],[122.0246031,14.8807256],[122.0239051,14.8811381],[122.0222552,14.881963],[122.0190823,14.8846917],[122.0173372,14.884311],[122.0177179,14.8808208],[122.0150844,14.8806622],[122.0126413,14.8792027],[122.013022,14.8784095],[122.0146719,14.8738722],[122.0154334,14.8726348],[122.0165439,14.8706994],[122.0177179,14.8687004],[122.0195581,14.8662573],[122.0218109,14.8633383],[122.0227627,14.8615615],[122.0230483,14.8611173],[122.0231435,14.8606731],[122.023429,14.8513765],[122.0260308,14.8495045],[122.0287912,14.8505833],[122.0295527,14.8518524],[122.0299334,14.8521697],[122.0304411,14.8530581],[122.0326304,14.8546763],[122.0349149,14.8544542],[122.0366269,14.8520413],[122.0372333,14.8506467],[122.0377334,14.8497254],[122.0392339,14.846619],[122.0436302,14.8449342],[122.0460668,14.8479359],[122.046605,14.8490672],[122.0473157,14.8503834],[122.0476053,14.8506993],[122.0478422,14.8511995],[122.0484224,14.8521764],[122.0495183,14.856149],[122.0504772,14.856697],[122.0530418,14.8549582],[122.0552718,14.8545052],[122.0562307,14.8549161],[122.0574636,14.8553271],[122.0589105,14.8558739],[122.0606164,14.8560718],[122.0616036,14.8564047],[122.0626691,14.8564229],[122.0630801,14.856012],[122.063628,14.855601],[122.064176,14.855327],[122.06445,14.8549161],[122.064176,14.8538202],[122.0644499,14.8510805],[122.0654088,14.8490257],[122.0677376,14.845601],[122.0704774,14.845327],[122.0730801,14.8443681],[122.074176,14.8438201],[122.0759569,14.8432722],[122.0774637,14.8425872]]],[[[121.9713856,15.042199],[121.9711169,15.0389434],[121.9710985,15.0373274],[121.9707902,15.0358378],[121.9704814,15.0341143],[121.9701542,15.0312992],[121.9695845,15.0291157],[121.9693357,15.027049],[121.9693618,15.0245213],[121.969342,15.0221652],[121.9692441,15.0188889],[121.9696373,15.0165324],[121.9694794,15.0140592],[121.969521,15.0119915],[121.9693182,15.0098617],[121.9692984,15.0075056],[121.9690975,15.0061249],[121.96914,15.004464],[121.9686472,15.0027408],[121.9685044,15.000096],[121.9678715,14.9970455],[121.9675452,14.9942936],[121.9666214,14.9911899],[121.9664196,14.98952],[121.9653284,14.9867691],[121.9644509,14.9839549],[121.9642022,14.9818248],[121.9631991,14.9772313],[121.9625666,14.974417],[121.9616425,14.9709697],[121.9609035,14.9684442],[121.9601648,14.9660261],[121.9595498,14.9643125],[121.9578466,14.9614989],[121.9565108,14.9588565],[121.9545784,14.9561606],[121.9533656,14.9536894],[121.9531011,14.9515604],[121.9522408,14.9494399],[121.9499564,14.9466282],[121.9495078,14.9439842],[121.9477256,14.9397352],[121.9471689,14.936694],[121.9465981,14.9342766],[121.9456752,14.9315785],[121.9450585,14.9292783],[121.9444877,14.9264632],[121.9439311,14.923422],[121.9435886,14.9204339],[121.9430943,14.9179083],[121.9428109,14.9138277],[121.9425452,14.9111202],[121.9422795,14.9083674],[121.9419531,14.9057771],[121.9419348,14.9040538],[121.9413185,14.9020508],[121.9402725,14.8988843],[121.9397635,14.89671],[121.9384274,14.8939501],[121.937608,14.889528],[121.93693,14.8870558],[121.9354559,14.8840703],[121.9341202,14.8814278],[121.9328468,14.8793631],[121.9316334,14.8770093],[121.9293309,14.8728786],[121.9284087,14.870525],[121.9276264,14.8692626],[121.9263521,14.8669085],[121.925799,14.8658708],[121.9249381,14.8634622],[121.924384,14.8616855],[121.9235842,14.859502],[121.9178768,14.842966],[121.9633773,14.7858401],[122.0093533,14.8216231],[122.0088173,14.822674],[122.0078967,14.8242171],[122.0073976,14.8246466],[122.0070551,14.8254237],[122.0068938,14.8261541],[122.0067455,14.8266575],[122.0069251,14.8276312],[122.0074263,14.8291883],[122.0082347,14.8315557],[122.0083589,14.8324705],[122.0082005,14.8331433],[122.0074348,14.8340689],[122.0070009,14.8343879],[122.0063376,14.8345817],[122.0053163,14.8348134],[122.0039994,14.8350315],[122.0021014,14.8350492],[122.0005649,14.8349714],[121.9984338,14.8349214],[121.9968279,14.8350105],[121.9948541,14.8353081],[121.9928855,14.8365131],[121.992231,14.8375589],[121.9918784,14.8385055],[121.9914502,14.8397319],[121.9903057,14.8410354],[121.9889516,14.8418759],[121.9874894,14.8425395],[121.98651,14.8430573],[121.9852807,14.8437886],[121.9848433,14.8441641],[121.9844383,14.844994],[121.9849032,14.8461521],[121.9852252,14.8487209],[121.9849875,14.8497301],[121.9847732,14.8503439],[121.9841382,14.8510484],[121.9835792,14.8514742],[121.9820072,14.8529826],[121.9798207,14.8568421],[121.9788616,14.8590052],[121.977774,14.8613327],[121.9767371,14.8628107],[121.9758619,14.8635605],[121.9746287,14.8643482],[121.9738162,14.8650441],[121.9728093,14.8660136],[121.9720119,14.8674474],[121.9714106,14.8715557],[121.9710275,14.8749949],[121.9708653,14.8777073],[121.9709719,14.8808865],[121.9711527,14.882823],[121.9714568,14.8836888],[121.9721312,14.88531],[121.9721393,14.8861598],[121.9714635,14.8875421],[121.9696211,14.8905657],[121.9687861,14.8926197],[121.9681518,14.8942881],[121.967932,14.8959765],[121.9680854,14.8983637],[121.9684112,14.8998534],[121.9688133,14.9010632],[121.9694486,14.9023418],[121.9696412,14.9030873],[121.9696106,14.9035957],[121.9692843,14.9040892],[121.9687702,14.9047434],[121.9681665,14.9059023],[121.9679669,14.9072506],[121.96833,14.908119],[121.9683858,14.9081791],[121.9694861,14.9086304],[121.9698527,14.9094423],[121.9699232,14.9102393],[121.9699418,14.9109196],[121.9700092,14.9117719],[121.9704145,14.9129252],[121.9710938,14.9134696],[121.9723886,14.9136483],[121.9737491,14.9137177],[121.9756423,14.9138131],[121.9769926,14.914052],[121.9780354,14.9134815],[121.9784635,14.9112945],[121.9791623,14.908554],[121.9795646,14.9077817],[121.9800582,14.9074664],[121.9810145,14.9073452],[121.9821975,14.9074047],[121.9836847,14.90833],[121.9849518,14.9089606],[121.9892231,14.9129141],[121.990997,14.9149854],[121.9931882,14.9170211],[121.9959523,14.9184062],[121.9971281,14.9185786],[121.9995071,14.9184715],[122.0013437,14.9185078],[122.0032916,14.918662],[122.0043322,14.9191107],[122.0052308,14.9199485],[122.006018,14.9206672],[122.006756,14.921214],[122.0084404,14.9218089],[122.0090451,14.9216126],[122.0098375,14.9212556],[122.0107971,14.9210778],[122.0117397,14.9211813],[122.0121128,14.921879],[122.0120958,14.9221615],[122.0122022,14.9233563],[122.0129639,14.9235077],[122.0134471,14.9233617],[122.0137598,14.9230941],[122.0146247,14.9225148],[122.0151736,14.9222595],[122.017427,14.922259],[122.0189469,14.9226181],[122.0198,14.9232274],[122.0200514,14.9239754],[122.020136,14.9245465],[122.0199502,14.9256689],[122.0191595,14.9269888],[122.0178924,14.9283405],[122.0170021,14.9303334],[122.0153748,14.9327424],[122.0146715,14.9365565],[122.0143599,14.9397667],[122.0130667,14.9425319],[122.0123495,14.9445899],[122.0112623,14.9478736],[122.0114,14.9495217],[122.0115994,14.9501531],[122.0129995,14.9515254],[122.0142086,14.9531137],[122.0156792,14.9552807],[122.0167531,14.9571442],[122.0182977,14.9600504],[122.0196582,14.9630598],[122.0203668,14.9650743],[122.02103,14.9668603],[122.0209517,14.9681572],[122.0206879,14.9685968],[122.0202535,14.9689147],[122.0197736,14.9690031],[122.0188969,14.9687902],[122.0176403,14.9679916],[122.0163312,14.9670785],[122.0141761,14.9654431],[122.0123973,14.964449],[122.0112908,14.9641108],[122.0104559,14.9641818],[122.0096667,14.9644823],[122.0088353,14.9644968],[122.0085398,14.964482],[122.0083099,14.9643578],[122.00745,14.9638614],[122.0055107,14.962576],[122.0035579,14.9615166],[122.0019596,14.9604756],[122.0006049,14.9593318],[121.9989567,14.9571561],[121.9974166,14.955156],[121.996354,14.9540835],[121.9959501,14.9538941],[121.995411,14.9539799],[121.9947058,14.9548492],[121.9927118,14.9574077],[121.9921078,14.9585656],[121.9915194,14.9614208],[121.9916785,14.9636905],[121.9919266,14.9644951],[121.9925125,14.9655994],[121.9935295,14.9664423],[121.9955702,14.9680153],[121.9973812,14.969464],[121.9994706,14.9712089],[122.0009789,14.9727545],[122.0020833,14.9741109],[122.0023767,14.9751438],[122.0023597,14.9754251],[122.0022904,14.9755921],[122.0019842,14.9757455],[122.0006066,14.9759599],[121.9991243,14.9759421],[121.9977672,14.9758163],[121.99665,14.9756476],[121.9949309,14.9756174],[121.9944202,14.976214],[121.9946054,14.9770714],[121.9949992,14.9774302],[121.9951105,14.9775494],[121.9965554,14.9781874],[122.0005731,14.9804244],[122.0042675,14.9830972],[122.0078026,14.9864405],[122.0102999,14.9892786],[122.0120309,14.9910613],[122.0139768,14.9922326],[122.015675,14.9926004],[122.0174253,14.9930837],[122.018111,14.9935126],[122.0188559,14.9939464],[122.0198966,14.9943938],[122.0214139,14.9948083],[122.0236542,14.9950337],[122.0252406,14.9952823],[122.0296781,14.9944865],[122.0313429,14.9934393],[122.0323948,14.9917397],[122.033036,14.9899627],[122.0336048,14.9884091],[122.0375692,14.9856098],[122.0400637,14.9835863],[122.0415358,14.9817935],[122.0418096,14.9811856],[122.0418639,14.9802841],[122.0416114,14.9785744],[122.0415427,14.9767627],[122.042219,14.9753824],[122.0430521,14.9743497],[122.0447011,14.9725655],[122.0471681,14.9690118],[122.0492206,14.9654382],[122.0505301,14.9623926],[122.0519459,14.9585598],[122.0532497,14.9565876],[122.0539234,14.9562254],[122.0544974,14.9565374],[122.0546442,14.9570533],[122.0545696,14.9582938],[122.0545122,14.9592529],[122.0543128,14.9606002],[122.0547153,14.9647502],[122.0546984,14.9650315],[122.0548717,14.9670764],[122.0549611,14.9685515],[122.0547748,14.9696728],[122.0548796,14.9699049],[122.0555121,14.9721981],[122.0556316,14.9731648],[122.0555116,14.9741768],[122.0545531,14.9772962],[122.0529131,14.9828683],[122.050784,14.9896588],[122.0491495,14.9951167],[122.0474806,14.9990795],[122.0473477,15.001652],[122.0475233,15.0025737],[122.0478187,15.0032066],[122.0476973,15.00384],[122.0475178,15.0041286],[122.0469775,15.0055106],[122.0472138,15.0060291],[122.0473295,15.0070082],[122.0469674,15.0085062],[122.0472616,15.0094849],[122.0477953,15.0100612],[122.0477938,15.0105222],[122.0471976,15.0108101],[122.0458889,15.0106374],[122.0449358,15.0109261],[122.0436824,15.0119051],[122.041117,15.0137486],[122.0393883,15.0144973],[122.037541,15.015189],[122.0368851,15.0155354],[122.0360508,15.015881],[122.0346821,15.0158809],[122.034388,15.0148445],[122.0342715,15.0140383],[122.0335018,15.0129435],[122.0308865,15.0119074],[122.0292808,15.0116192],[122.0279708,15.0117345],[122.026899,15.0119074],[122.0262447,15.0118503],[122.0254149,15.0108705],[122.0248826,15.0099495],[122.0236954,15.0090279],[122.0223888,15.0082788],[122.021497,15.008049],[122.0209608,15.0082218],[122.0196476,15.0093733],[122.0188128,15.0097765],[122.0178015,15.0096614],[122.0166699,15.0099503],[122.0163111,15.0104109],[122.0152382,15.0108718],[122.0144656,15.0106414],[122.0142301,15.0098923],[122.0142329,15.0090855],[122.013699,15.0085679],[122.0132227,15.0086833],[122.0127451,15.0090858],[122.0122079,15.0095468],[122.0111964,15.0094893],[122.0097137,15.0080488],[122.0089408,15.007876],[122.0085825,15.0082225],[122.0093503,15.0098349],[122.0101792,15.0110443],[122.0109495,15.0119663],[122.010768,15.01283],[122.0125486,15.0142118],[122.013737,15.01473],[122.0149244,15.0154787],[122.0159303,15.0172074],[122.0165212,15.0183592],[122.0170523,15.0197412],[122.0175238,15.0210665],[122.0184114,15.0225054],[122.0201929,15.0236578],[122.0208442,15.0246369],[122.021197,15.0258464],[122.0213119,15.0271137],[122.0210107,15.0281508],[122.0207095,15.0291869],[122.019992,15.0301658],[122.0188571,15.031318],[122.0174857,15.0320669],[122.016592,15.032297],[122.0147457,15.0327003],[122.0125392,15.0340253],[122.0088391,15.0369053],[122.0071679,15.0382303],[122.0044854,15.0395542],[122.000426,15.0430677],[121.9965472,15.0459467],[121.9939238,15.0473284],[121.9916007,15.047847],[121.9879709,15.0476161],[121.9856518,15.0470973],[121.9850607,15.0458878],[121.9849445,15.0450816],[121.9840539,15.0445047],[121.9829834,15.0442174],[121.9817353,15.0437564],[121.9802489,15.0434096],[121.9794163,15.0432375],[121.978227,15.0429486],[121.9775147,15.0424301],[121.9770415,15.0416245],[121.9766257,15.0413933],[121.9757915,15.041681],[121.9752522,15.0426606],[121.9751301,15.0435821],[121.9745321,15.0443885],[121.9738159,15.0449061],[121.9731033,15.0444453],[121.9723314,15.0439841],[121.9716199,15.0432351],[121.9713856,15.042199]]],[[[122.1203632,14.8962921],[122.1203744,14.8962193],[122.1203744,14.8962926],[122.1203632,14.8962921]]],[[[122.1174426,14.9072868],[122.1156102,14.9081664],[122.1148039,14.9069937],[122.1144375,14.9056011],[122.1134846,14.9042084],[122.1134846,14.9023761],[122.1179556,14.8978318],[122.1186886,14.8962193],[122.1203632,14.8962921],[122.1202278,14.8971721],[122.1201545,14.8979783],[122.1207409,14.8996641],[122.1227198,14.8995908],[122.1235261,14.90113],[122.1228664,14.902596],[122.1211806,14.903109],[122.1189085,14.904355],[122.1174426,14.9072868]]],[[[122.1027851,14.896422],[122.1025728,14.8960598],[122.1024917,14.8955603],[122.102629,14.8950546],[122.1031972,14.8945676],[122.1053887,14.8944552],[122.1055074,14.8945676],[122.1056073,14.8948548],[122.1054637,14.8953543],[122.1045334,14.8962159],[122.1041462,14.8964282],[122.1036842,14.8965219],[122.1030099,14.8965406],[122.1027851,14.896422]]],[[[122.1096478,14.8985104],[122.1094573,14.8977864],[122.1096669,14.8971194],[122.1099718,14.8965097],[122.1106577,14.8961477],[122.1114008,14.8962048],[122.1118391,14.8966621],[122.1120868,14.897672],[122.1116485,14.8988343],[122.1112103,14.8991202],[122.1103338,14.899063],[122.1100289,14.8989106],[122.1098955,14.8987962],[122.1096859,14.8985485],[122.1096478,14.8985104]]]]},"properties":{"FID":4,"MUNCODE":166005,"COUNT":12,"AREA":184379441.182,"PERIMETER":155761.418,"HECTARES":18437.9441182,"REGION":"IV","DIST_CODE":"FIRST","PROVINCE":"QUEZON","MUNICIPALI":"BURDEOS","NEWFIELD1":" ","area_sqm":0}},{"type":"Feature","id":5,"geometry":{"type":"Polygon","coordinates":[[[122.2304304,14.0708159],[122.2306843,14.0705409],[122.232725,14.0683256],[122.2357645,14.0662173],[122.2390604,14.0636589],[122.2447443,14.0590758],[122.2477856,14.0556937],[122.2492701,14.0529306],[122.2511029,14.051458],[122.2522183,14.0514535],[122.2532555,14.0518512],[122.2542453,14.0520147],[122.2547389,14.0515178],[122.2556207,14.0502876],[122.2569481,14.0495412],[122.2610525,14.0484089],[122.2630295,14.0475787],[122.2643121,14.0465405],[122.2678981,14.041564],[122.2698914,14.0379558],[122.2711291,14.035411],[122.2734005,14.0333214],[122.2747692,14.0329243],[122.2751789,14.0329436],[122.2756362,14.0344119],[122.2755245,14.0355067],[122.274471,14.039102],[122.2744988,14.0409555],[122.2747359,14.0421237],[122.275483,14.0424492],[122.276138,14.04225],[122.2764556,14.0417435],[122.2769879,14.0392237],[122.2773727,14.0373318],[122.2776485,14.0364771],[122.2784288,14.0361098],[122.2789529,14.0361928],[122.2797473,14.0367512],[122.2802489,14.0372963],[122.2808092,14.0378438],[122.2815532,14.0382269],[122.2823059,14.0384371],[122.2828464,14.0381731],[122.2832812,14.0376737],[122.2836266,14.0365909],[122.2837825,14.0333568],[122.283166,14.0291022],[122.2827839,14.0272883],[122.2821677,14.0254646],[122.281886,14.0240036],[122.2819637,14.0223866],[122.282451,14.0207888],[122.283192,14.0187974],[122.284072,14.0175658],[122.2854289,14.0161843],[122.2872894,14.0140729],[122.2891781,14.0126002],[122.2909133,14.0118718],[122.2932284,14.0112886],[122.2957744,14.0107728],[122.3009602,14.0105651],[122.3017078,14.0105356],[122.3047248,14.011201],[122.3063213,14.0121458],[122.3072299,14.0139838],[122.3074866,14.0147497],[122.3071444,14.0157749],[122.3071169,14.0163535],[122.3074345,14.017063],[122.3081034,14.0177894],[122.3091706,14.0187666],[122.3104386,14.0204486],[122.3122468,14.0218664],[122.3133581,14.0219193],[122.3140903,14.0213179],[122.3147084,14.0206528],[122.3161982,14.0201439],[122.3178634,14.0196445],[122.3192332,14.0191884],[122.3199097,14.0185258],[122.3199427,14.0178331],[122.3199813,14.017024],[122.3197082,14.016605],[122.3192597,14.0161788],[122.3186329,14.0158018],[122.3176828,14.0148295],[122.3169026,14.0139819],[122.3165957,14.0130407],[122.3163418,14.0122184],[122.3155671,14.0112544],[122.3144891,14.0105088],[122.3135252,14.0098258],[122.3117725,14.008468],[122.3099059,14.0070465],[122.3068833,14.0052805],[122.3056405,14.0042948],[122.3053622,14.0037911],[122.3050058,14.0028113],[122.3048276,14.0018321],[122.3050059,14.0007635],[122.3058075,13.9998729],[122.3067692,13.9991365],[122.3077176,13.9984114],[122.3057763,13.9983109],[122.3027758,13.9981554],[122.3007856,13.9978773],[122.2979659,13.9966271],[122.2959998,13.994899],[122.2936187,13.993207],[122.292959,13.9923586],[122.293032,13.991084],[122.2942199,13.9888802],[122.2957083,13.9865756],[122.2972001,13.9842133],[122.2980774,13.9822844],[122.2991474,13.9800746],[122.3005119,13.9778803],[122.3024219,13.9754243],[122.3045178,13.9723359],[122.3022037,13.9699547],[122.3014663,13.9684065],[122.3004903,13.9669051],[122.2995664,13.9655214],[122.2993843,13.9645828],[122.2998488,13.9636777],[122.3003558,13.9630655],[122.3003343,13.9613815],[122.2996813,13.9604178],[122.2991265,13.9598093],[122.2980975,13.9592333],[122.2949482,13.9586049],[122.2931841,13.9585127],[122.2916022,13.9593592],[122.2904615,13.9597062],[122.2896416,13.9596055],[122.2883187,13.9590139],[122.2867674,13.958294],[122.2856444,13.9573074],[122.2848643,13.9565117],[122.2831723,13.9561914],[122.2819797,13.9564185],[122.2811268,13.9568974],[122.2792932,13.9580199],[122.2778678,13.9592227],[122.2763381,13.9601878],[122.2741916,13.9605985],[122.2731953,13.9604881],[122.2725684,13.9601076],[122.2720593,13.959732],[122.2708911,13.9585102],[122.2699413,13.9575897],[122.2681686,13.956626],[122.2657849,13.9560367],[122.2648176,13.9564508],[122.2644219,13.9571843],[122.2649432,13.9583725],[122.2655012,13.9589246],[122.2658407,13.9591743],[122.2679363,13.960678],[122.2691699,13.9617882],[122.2696978,13.9627143],[122.2702951,13.9637626],[122.270911,13.9653625],[122.2709555,13.9666431],[122.2704943,13.9674894],[122.2696802,13.9683176],[122.2690657,13.9687509],[122.2675727,13.9690786],[122.2664555,13.969021],[122.265335,13.9690199],[122.2638257,13.9696381],[122.2620219,13.9702406],[122.2602583,13.9701482],[122.2594974,13.9700498],[122.2567798,13.9701399],[122.2538406,13.9699862],[122.2513939,13.9704974],[122.2501163,13.9711852],[122.2485837,13.9722077],[122.2473095,13.9728378],[122.2451668,13.9731906],[122.244112,13.9730777],[122.2425518,13.9725303],[122.2414349,13.9724715],[122.2390275,13.973333],[122.2362861,13.9748727],[122.2341914,13.9764484],[122.2318814,13.9776628],[122.2306763,13.9781223],[122.2291318,13.978331],[122.2278741,13.9786717],[122.225957,13.9792104],[122.2242971,13.9804008],[122.2224221,13.9812322],[122.2197047,13.9823673],[122.2174281,13.9830019],[122.2145191,13.9833722],[122.212367,13.9838975],[122.210858,13.9845153],[122.209247,13.9858832],[122.2074686,13.988114],[122.2048197,13.9921592],[122.2029625,13.9947344],[122.2017729,13.995951],[122.2000089,13.9969047],[122.1984414,13.9975189],[122.1971421,13.9975666],[122.1928987,13.9975751],[122.1891724,13.9967964],[122.1855736,13.9958497],[122.2232785,13.9699221],[122.2415313,13.9577615],[122.2577563,13.9516816],[122.288178,13.9395225],[122.3165716,13.9233077],[122.3612823,13.8944835],[122.3652462,13.9131749],[122.3672741,13.941548],[122.365246,13.9618161],[122.3571335,13.9922161],[122.351049,14.0205901],[122.3469931,14.0489637],[122.3435644,14.083417],[122.3430567,14.0832099],[122.3425458,14.0830119],[122.3420323,14.0828206],[122.3415158,14.0826361],[122.3409967,14.0824606],[122.3404753,14.0822919],[122.3399513,14.0821311],[122.3394249,14.0819771],[122.3388965,14.0818321],[122.338366,14.0816939],[122.3378335,14.0815648],[122.3372992,14.0814424],[122.3367631,14.0813279],[122.3362256,14.0812213],[122.3356863,14.0811226],[122.3351456,14.0810318],[122.334604,14.080949],[122.3340609,14.080874],[122.3335169,14.0808081],[122.332972,14.080749],[122.3324262,14.0806977],[122.3318799,14.0806544],[122.3313326,14.0806201],[122.3307853,14.0805926],[122.3302374,14.0805741],[122.3296895,14.0805635],[122.3291413,14.0805609],[122.3285933,14.080565],[122.3280453,14.0805782],[122.3276285,14.0805612],[122.3272114,14.080551],[122.3267943,14.0805498],[122.3263772,14.0805555],[122.3259603,14.0805701],[122.3255438,14.0805916],[122.3251277,14.080622],[122.3247125,14.0806604],[122.3242979,14.0807056],[122.3238841,14.0807598],[122.3234717,14.0808208],[122.3230602,14.0808909],[122.3226504,14.0809677],[122.322242,14.0810536],[122.3218353,14.0811462],[122.3214306,14.0812468],[122.3210279,14.0813553],[122.3206273,14.0814717],[122.3202289,14.0815949],[122.3198328,14.081726],[122.3194396,14.0818651],[122.319049,14.0820109],[122.3186609,14.0821646],[122.3182764,14.0823263],[122.3178946,14.0824947],[122.3175164,14.08267],[122.3171413,14.0828531],[122.3167699,14.0830431],[122.3164023,14.0832398],[122.3160384,14.0834433],[122.3156785,14.0836548],[122.3153227,14.0838719],[122.3149712,14.0840969],[122.3146237,14.0843276],[122.3142812,14.0845651],[122.3139429,14.0848094],[122.3136093,14.0850605],[122.3132809,14.0853172],[122.312957,14.0855796],[122.3126387,14.0858488],[122.3123252,14.0861248],[122.312017,14.0864054],[122.3117145,14.0866927],[122.3114172,14.0869857],[122.311126,14.0872844],[122.3108402,14.0875876],[122.3105602,14.0878976],[122.3102863,14.0882121],[122.3100185,14.0885312],[122.3097567,14.0888559],[122.3095013,14.0891863],[122.3092522,14.0895201],[122.3090095,14.0898596],[122.3087731,14.0902036],[122.3085436,14.0905522],[122.3083206,14.0909042],[122.3081044,14.0912607],[122.3078952,14.0916217],[122.306663,14.0941645],[122.3062284,14.0949837],[122.305648,14.0960116],[122.3049684,14.0946546],[122.304929,14.0945765],[122.3034722,14.0919639],[122.3021938,14.089302],[122.3001771,14.0849281],[122.2993445,14.0815352],[122.2988054,14.0801604],[122.2983006,14.0797815],[122.2974173,14.0796546],[122.2964077,14.0799071],[122.2952723,14.0809175],[122.2946413,14.0826844],[122.2947675,14.0845778],[122.2953802,14.0858555],[122.2955002,14.0858028],[122.2965061,14.0868342],[122.2964613,14.0877563],[122.2970184,14.0883614],[122.2974783,14.0885571],[122.2986432,14.0887278],[122.2995269,14.0886546],[122.2998554,14.0891325],[122.299755,14.0899945],[122.2996127,14.0905083],[122.2993978,14.0913067],[122.2994699,14.0922359],[122.2995702,14.0925866],[122.3002276,14.0935435],[122.300849,14.0940358],[122.3013864,14.0950432],[122.3015003,14.0963206],[122.30167,14.097657],[122.301756,14.0982969],[122.30153,14.0993269],[122.3009526,14.100339],[122.3009189,14.1010317],[122.3013563,14.1016874],[122.3017459,14.1033238],[122.3023246,14.1058944],[122.3030061,14.1087579],[122.3037187,14.1109875],[122.3037379,14.1117968],[122.3034283,14.1121282],[122.3026089,14.1120896],[122.3013294,14.1118554],[122.299529,14.1114806],[122.2979486,14.1114048],[122.2971177,14.1115967],[122.2969949,14.111706],[122.2971311,14.1125212],[122.2976215,14.1132957],[122.299009,14.1149215],[122.3012686,14.1167047],[122.3050763,14.1216229],[122.3066604,14.1252214],[122.3073842,14.1272194],[122.3077958,14.1283937],[122.3078621,14.1294359],[122.3077168,14.1300062],[122.3076323,14.1317351],[122.3077117,14.1337018],[122.3076469,14.1350262],[122.3070664,14.1360959],[122.3041358,14.1372266],[122.3033861,14.13696],[122.3027119,14.1363512],[122.3022689,14.1358097],[122.3013521,14.1353617],[122.3005351,14.1352655],[122.2987732,14.1352966],[122.2968969,14.1352651],[122.2955059,14.1349095],[122.2940902,14.1338611],[122.2926413,14.1322905],[122.2915526,14.1305637],[122.2904306,14.1291104],[122.290118,14.1287049],[122.2886747,14.127019],[122.2865875,14.1253017],[122.2848402,14.123833],[122.2834274,14.1227258],[122.2820143,14.1216185],[122.2815071,14.1214136],[122.28023,14.1208978],[122.2792543,14.1204462],[122.275579,14.1199808],[122.2729323,14.1200847],[122.270327,14.120538],[122.2682761,14.1216517],[122.266604,14.1234198],[122.265696,14.1251665],[122.2654318,14.1257805],[122.2649665,14.1268641],[122.2650428,14.1288884],[122.2652834,14.1311517],[122.2656926,14.1323848],[122.265866,14.1348175],[122.266118,14.1368502],[122.2663624,14.1378444],[122.2673814,14.1397982],[122.267729,14.1410842],[122.2676334,14.1418309],[122.267328,14.1432597],[122.2663858,14.1480622],[122.2667746,14.1520641],[122.2674864,14.1542904],[122.2679215,14.1550218],[122.2682997,14.155657],[122.2694815,14.1566947],[122.2708889,14.1579173],[122.2712107,14.1583443],[122.2718805,14.1592335],[122.2720893,14.1597631],[122.2720608,14.1603394],[122.2719207,14.1607933],[122.2713721,14.1623829],[122.2691172,14.1652172],[122.2700464,14.1640492],[122.2677534,14.1631381],[122.2659778,14.1633056],[122.2647331,14.1640816],[122.2639306,14.1652047],[122.2639278,14.1660704],[122.264102,14.1671107],[122.2647396,14.1688424],[122.2635566,14.169566],[122.262172,14.1702489],[122.2612085,14.1707217],[122.2607583,14.171508],[122.2605253,14.1726499],[122.2606935,14.1739851],[122.2616451,14.1761071],[122.2621822,14.1771134],[122.2628282,14.1782987],[122.2629352,14.179688],[122.2629064,14.1802631],[122.2629835,14.1810737],[122.26313,14.1840227],[122.2638252,14.1877464],[122.2644251,14.1898515],[122.2646599,14.1933794],[122.2647294,14.1955156],[122.2651474,14.1977263],[122.265796,14.1988528],[122.2665674,14.19987],[122.2678646,14.202123],[122.2682173,14.2032926],[122.2686341,14.2043506],[122.2687292,14.2059693],[122.2686283,14.2079817],[122.2686342,14.2113824],[122.2688981,14.2154856],[122.2695521,14.2200116],[122.2705003,14.2221889],[122.2711217,14.2226802],[122.2724379,14.2233769],[122.274068,14.2248375],[122.2744378,14.2256614],[122.2739928,14.2263314],[122.2734423,14.2267659],[122.2727457,14.2277696],[122.2720989,14.2289487],[122.2720736,14.2306178],[122.2728594,14.2313469],[122.2733753,14.2316016],[122.2740169,14.232033],[122.2740181,14.2320333],[122.274114,14.2320977],[122.2744195,14.2330344],[122.2747167,14.2352945],[122.2747979,14.2383507],[122.2748048,14.2405398],[122.2743165,14.2420719],[122.2731631,14.2439738],[122.2721699,14.2450207],[122.2705438,14.2458068],[122.2687623,14.2461823],[122.2676457,14.2461856],[122.2663089,14.2458911],[122.265157,14.2454332],[122.264395,14.2453969],[122.2625423,14.2448465],[122.2609973,14.2440246],[122.2595164,14.2430888],[122.2583144,14.2424556],[122.2568663,14.2420408],[122.2537705,14.2416616],[122.25247,14.2414706],[122.2524705,14.24147],[122.2508535,14.2412332],[122.2493408,14.2409301],[122.2490149,14.2403956],[122.2485013,14.2389316],[122.2488597,14.2341681],[122.2490467,14.2327944],[122.2495565,14.2320128],[122.2503534,14.2313598],[122.2511535,14.2306492],[122.2518121,14.2292409],[122.2518967,14.2275685],[122.2518992,14.2275177],[122.2516814,14.2260094],[122.2512501,14.2252395],[122.2506197,14.2249211],[122.2497461,14.2247636],[122.2488109,14.2246612],[122.2485439,14.2241292],[122.2482385,14.2231936],[122.2478948,14.221851],[122.2473694,14.2206164],[122.2468852,14.2197288],[122.246427,14.2183237],[122.2463061,14.2172226],[122.24659,14.2162572],[122.2471025,14.2154169],[122.2473189,14.2146208],[122.2474353,14.2134741],[122.2474933,14.2123249],[122.2477242,14.2112407],[122.2484738,14.2103548],[122.248649,14.2092105],[122.2485309,14.2080517],[122.2483599,14.2067764],[122.2486521,14.205637],[122.249522,14.2046994],[122.2498585,14.2038506],[122.2493656,14.2031359],[122.2489609,14.2030002],[122.2478637,14.2014484],[122.2467817,14.2007624],[122.2459955,14.2000333],[122.2445732,14.1990998],[122.2434497,14.1980656],[122.2428539,14.1970567],[122.2425889,14.1953143],[122.2425045,14.1923124],[122.245052,14.1860346],[122.2460136,14.1832552],[122.2465334,14.1810892],[122.2463036,14.1798092],[122.2457635,14.1788604],[122.2451416,14.1783691],[122.2446813,14.1781732],[122.2441252,14.1787241],[122.24369,14.180375],[122.242999,14.1812645],[122.2418566,14.1817864],[122.2409244,14.1816253],[122.2400652,14.1811807],[122.239276,14.180508],[122.238047,14.1792372],[122.2367275,14.1785967],[122.2361412,14.1785689],[122.2358865,14.1789602],[122.2358635,14.1794201],[122.2358931,14.1799977],[122.236319,14.180884],[122.236818,14.1814845],[122.2390023,14.1824555],[122.2403218,14.1830959],[122.2414541,14.1839584],[122.2418067,14.1851281],[122.2418134,14.1861668],[122.2417789,14.1868572],[122.2410148,14.1880312],[122.2401892,14.1892593],[122.2393078,14.1904285],[122.2387668,14.1918428],[122.2376603,14.1939809],[122.2370809,14.1949906],[122.2365732,14.1954643],[122.2365734,14.1954636],[122.2358474,14.1961417],[122.2345317,14.1965963],[122.233429,14.1963125],[122.2320478,14.1957272],[122.2308984,14.1952104],[122.2299454,14.19477],[122.2299451,14.1947704],[122.2299219,14.1947597],[122.2272682,14.1933229],[122.2272683,14.1933227],[122.2272322,14.1933033],[122.2253935,14.1924645],[122.2219769,14.191434],[122.2202322,14.1910611],[122.2179948,14.191125],[122.2161768,14.1910365],[122.2151883,14.1908152],[122.2146368,14.1900969],[122.2143282,14.1892166],[122.2135061,14.1880239],[122.2126411,14.1876933],[122.2118287,14.1874804],[122.2109074,14.1870897],[122.2101413,14.1859571],[122.2097099,14.185186],[122.2090465,14.1843464],[122.2079756,14.1834297],[122.2069716,14.1823426],[122.2054162,14.1805371],[122.2031069,14.1785212],[122.2014607,14.1773449],[122.1999028,14.1767498],[122.1981808,14.1759157],[122.1961969,14.1744342],[122.1943509,14.1725565],[122.1920114,14.1699606],[122.190969,14.1684676],[122.190772,14.1674306],[122.1907718,14.1674309],[122.1907365,14.1672451],[122.191079,14.1662812],[122.1915215,14.1656678],[122.1925535,14.165026],[122.194075,14.1640038],[122.1949685,14.1626055],[122.1948532,14.1613879],[122.194583,14.1609135],[122.1940136,14.1605398],[122.1924095,14.1608644],[122.1905045,14.1625023],[122.189156,14.1635906],[122.1877661,14.1643306],[122.1864639,14.1644969],[122.1858358,14.1641207],[122.1847876,14.1627418],[122.1844275,14.1593773],[122.1851027,14.1564683],[122.185556,14.1544707],[122.186537,14.1524985],[122.1887288,14.1498354],[122.1926175,14.1461586],[122.1949058,14.1439038],[122.1958018,14.1424466],[122.1958479,14.1415257],[122.1955805,14.1409937],[122.1951113,14.1409706],[122.1931826,14.1419146],[122.1916672,14.1428226],[122.1902921,14.1432746],[122.1891719,14.1433352],[122.1886498,14.1431945],[122.1885354,14.1431308],[122.1886276,14.1412879],[122.1887052,14.139733],[122.1885666,14.1389754],[122.1882408,14.1384397],[122.1880147,14.1382559],[122.186501,14.1379513],[122.1853278,14.1378931],[122.1835681,14.1378069],[122.1809109,14.1380227],[122.178996,14.1386796],[122.1779613,14.139379],[122.1767129,14.140819],[122.1764737,14.1412228],[122.1764735,14.1412228],[122.1747851,14.1440728],[122.1730853,14.1462979],[122.1709663,14.1486751],[122.1693834,14.1509062],[122.1691909,14.1523973],[122.1700806,14.1580962],[122.1698937,14.1594721],[122.1693336,14.1600793],[122.1681309,14.1605972],[122.1653813,14.1602882],[122.1648117,14.1599144],[122.1643098,14.1593702],[122.1641741,14.158556],[122.1642119,14.157808],[122.1644425,14.1555689],[122.1652248,14.1540494],[122.1655292,14.1526784],[122.1653494,14.1515737],[122.1649148,14.1508591],[122.164327,14.149676],[122.1640243,14.1486805],[122.1638752,14.1475668],[122.1638751,14.1475668],[122.163853,14.1474017],[122.1640545,14.1457377],[122.1643289,14.1437892],[122.1674982,14.1369019],[122.1691123,14.1340369],[122.170805,14.130771],[122.1724072,14.1281366],[122.1727258,14.1271352],[122.1727258,14.1271352],[122.1728956,14.1266013],[122.1741888,14.1230842],[122.1756233,14.1202672],[122.1778517,14.1168528],[122.1797109,14.113767],[122.1863622,14.1065251],[122.1883547,14.1030984],[122.1887623,14.1008068],[122.1887549,14.099767],[122.1888291,14.0982676],[122.1891912,14.0968991],[122.1898573,14.0953135],[122.1931092,14.0913689],[122.1953067,14.0885294],[122.1973886,14.0868388],[122.1994171,14.0850306],[122.2017246,14.083525],[122.2056902,14.0817536],[122.2104865,14.0810042],[122.2123177,14.0808045],[122.2134683,14.0801087],[122.2147359,14.0794189],[122.2180718,14.0784838],[122.2249641,14.0756965],[122.2274372,14.0743708],[122.2286096,14.0732139],[122.2304304,14.0708159]]]},"properties":{"FID":5,"MUNCODE":166006,"COUNT":1,"AREA":301599072.037,"PERIMETER":165594.091,"HECTARES":30159.9072037,"REGION":"IV","DIST_CODE":"FOURTH","PROVINCE":"QUEZON","MUNICIPALI":"CALAUAG","NEWFIELD1":" ","area_sqm":0}},{"type":"Feature","id":6,"geometry":{"type":"Polygon","coordinates":[[[121.3568589,13.9632663],[121.3576605,13.9602697],[121.3577028,13.959069],[121.3583216,13.9563073],[121.3584647,13.9529232],[121.3584257,13.9498182],[121.3584069,13.9486724],[121.3577487,13.9428685],[121.3563909,13.9386168],[121.3556526,13.9369012],[121.3556285,13.933968],[121.3554275,13.9331113],[121.3548099,13.9308181],[121.3554285,13.9227134],[121.3558198,13.9207004],[121.3561687,13.9196633],[121.3562717,13.9183455],[121.356314,13.9171357],[121.3567224,13.915647],[121.3577114,13.9140855],[121.3584735,13.9132828],[121.3591118,13.9119561],[121.3595216,13.9109273],[121.360266,13.9094285],[121.3604311,13.9084545],[121.3620144,13.9062066],[121.3629399,13.9039599],[121.3641098,13.9013702],[121.3646261,13.9002235],[121.3663328,13.8984373],[121.3670756,13.8962527],[121.3681259,13.8947005],[121.3689463,13.8930315],[121.3696447,13.8915324],[121.3737436,13.8870392],[121.3734339,13.8855491],[121.3740717,13.8842766],[121.3749558,13.8832486],[121.3754716,13.8819211],[121.3763963,13.8794483],[121.3772176,13.8780132],[121.3775512,13.876976],[121.3784325,13.8751887],[121.3797708,13.8730588],[121.3802875,13.8719674],[121.3809867,13.8705314],[121.3820961,13.8682305],[121.3823837,13.8673635],[121.3828818,13.8652427],[121.3833515,13.8637453],[121.3847508,13.861444],[121.3852076,13.8606945],[121.3856157,13.8591956],[121.3869957,13.8555767],[121.3878783,13.8540787],[121.3884558,13.8531583],[121.3892175,13.8521204],[121.3909066,13.8495294],[121.3919766,13.8494755],[121.3935805,13.849295],[121.3948317,13.8483745],[121.3958846,13.847734],[121.3973042,13.8471569],[121.4001609,13.8465699],[121.4034327,13.8467958],[121.4051603,13.8469584],[121.4079588,13.8472388],[121.4100383,13.8475178],[121.4122392,13.8473377],[121.4133695,13.8472208],[121.4155079,13.8465251],[121.4172175,13.8457757],[121.4189886,13.8450177],[121.4200561,13.8442144],[121.4208169,13.8429505],[121.4208601,13.8420299],[121.4208411,13.8408208],[121.4212512,13.8400179],[121.4226706,13.8392056],[121.4237397,13.8389797],[121.4249113,13.8422469],[121.4250985,13.8435102],[121.4247241,13.8460919],[121.4242733,13.8487996],[121.424294,13.8506324],[121.4241293,13.8518956],[121.4243932,13.8532769],[121.4249528,13.8563809],[121.4262452,13.8592422],[121.4279341,13.8616529],[121.4292679,13.8631416],[121.4314932,13.8660122],[121.4335479,13.8681326],[121.4350274,13.8722572],[121.4365515,13.8761571],[121.437064,13.8786834],[121.4370253,13.8811034],[121.4370627,13.8836301],[121.4373736,13.8852907],[121.4372704,13.8866719],[121.436959,13.8899488],[121.4370016,13.8941997],[121.4369188,13.8972409],[121.4372033,13.9005182],[121.437102,13.902296],[121.4377401,13.9061496],[121.4376389,13.9082167],[121.4377187,13.9147603],[121.4376323,13.9166557],[121.4382702,13.9204472],[121.4381688,13.9225775],[121.4378413,13.9254475],[121.4373042,13.9300506],[121.4368096,13.9335523],[121.4374459,13.9367664],[121.4368074,13.9380933],[121.4370747,13.9406203],[121.4364564,13.9436625],[121.4358404,13.9473985],[121.4357989,13.9488343],[121.435239,13.9509639],[121.4346635,13.9528053],[121.434274,13.9554501],[121.4338815,13.9572915],[121.4334907,13.9595295],[121.4323358,13.9620575],[121.4326876,13.9675182],[121.4327094,13.9698188],[121.4335289,13.9729697],[121.434145,13.9748108],[121.4344554,13.9764715],[121.43684,13.9816978],[121.439696,13.9862278],[121.4426412,13.9898386],[121.445723,13.9932141],[121.4470427,13.9949377],[121.4489122,13.9967067],[121.449486,13.9995768],[121.4508049,14.0011298],[121.4522656,14.0040531],[121.4534333,14.0062378],[121.4539279,14.0081878],[121.4548536,14.011058],[121.4508436,14.0095511],[121.447338,14.0072146],[121.4426635,14.0037114],[121.4312117,14.0011417],[121.4122805,13.997404],[121.4050354,13.992732],[121.3952191,13.9740438],[121.3835333,13.9654009],[121.3697444,13.9628322],[121.3568589,13.9632663]]]},"properties":{"FID":6,"MUNCODE":166007,"COUNT":1,"AREA":112689935.886,"PERIMETER":50702.92,"HECTARES":11268.9935886,"REGION":"IV","DIST_CODE":"SECOND","PROVINCE":"QUEZON","MUNICIPALI":"CANDELARIA","NEWFIELD1":" ","area_sqm":0}},{"type":"Feature","id":7,"geometry":{"type":"MultiPolygon","coordinates":[[[[122.1761979,13.5023651],[122.1762361,13.5023573],[122.1762361,13.5023573],[122.1777449,13.5020492],[122.1790064,13.5025789],[122.1798895,13.5035469],[122.1804142,13.504611],[122.181357,13.5065603],[122.18193,13.5077997],[122.1831556,13.5099375],[122.1844565,13.5117919],[122.1849025,13.5131959],[122.1850217,13.5151583],[122.1848917,13.5163581],[122.1847237,13.5172109],[122.184442,13.5180011],[122.1836168,13.520026],[122.1827679,13.522452],[122.1821764,13.5235113],[122.1814054,13.5246198],[122.1805376,13.5253764],[122.1795665,13.5258976],[122.1786266,13.5268812],[122.1777972,13.5279861],[122.1770498,13.5286922],[122.1765677,13.5288964],[122.1759233,13.5288603],[122.1755333,13.528494],[122.1753396,13.5277926],[122.174584,13.5266577],[122.1736803,13.5260331],[122.1717812,13.5253521],[122.1699922,13.5247935],[122.1684444,13.5241318],[122.1670997,13.523022],[122.1664126,13.5217188],[122.1663285,13.5201612],[122.166527,13.518792],[122.1682011,13.5143413],[122.1691424,13.511346],[122.1703013,13.5086498],[122.1719636,13.5063848],[122.1734262,13.5045112],[122.1746893,13.5030292],[122.1761979,13.5023651]]],[[[122.2512142,13.5996916],[122.2517191,13.5998039],[122.251719,13.5998037],[122.2549905,13.6005303],[122.2587671,13.6013677],[122.2621266,13.6022988],[122.2634173,13.6023682],[122.2650869,13.6019979],[122.2668456,13.6011136],[122.2713425,13.5987082],[122.276042,13.5958523],[122.2766239,13.5949622],[122.2768503,13.5941107],[122.2768353,13.5933613],[122.2767197,13.5923189],[122.2759503,13.5903773],[122.2750399,13.5888319],[122.2736084,13.5871426],[122.271622,13.5858834],[122.2708943,13.5855456],[122.2678401,13.584125],[122.2652991,13.583297],[122.2640903,13.5828278],[122.2628335,13.5821844],[122.2621077,13.5815121],[122.2619098,13.5808684],[122.2619705,13.5798356],[122.2624348,13.5789395],[122.2649932,13.5774665],[122.2695594,13.5758717],[122.2771369,13.5731168],[122.2791204,13.5724184],[122.2804213,13.5723159],[122.2818297,13.5723912],[122.2826929,13.572726],[122.2835363,13.5734042],[122.2840072,13.5744081],[122.2842806,13.5767823],[122.2839919,13.579702],[122.2840235,13.5821783],[122.2843993,13.5838103],[122.2849741,13.5850507],[122.2868137,13.5868191],[122.2884383,13.5882308],[122.2899661,13.5892908],[122.2926187,13.5902398],[122.2968046,13.5911558],[122.301975,13.5923548],[122.3053294,13.5933983],[122.3077749,13.5938753],[122.3115066,13.5935002],[122.3154585,13.5923877],[122.317877,13.5913082],[122.3207857,13.5899101],[122.322644,13.5883408],[122.3242641,13.586816],[122.3266543,13.5852176],[122.3290413,13.5836767],[122.3312032,13.581951],[122.3331926,13.5801582],[122.3429376,13.7500236],[122.326258,13.7327384],[122.3245885,13.7321676],[122.3224926,13.7321122],[122.3218936,13.7313646],[122.3193837,13.7309768],[122.3179588,13.7303501],[122.3169922,13.7296038],[122.3148929,13.7284565],[122.312856,13.7277229],[122.3121348,13.7270304],[122.3102202,13.7262881],[122.3094995,13.7256589],[122.3084873,13.7249135],[122.3074611,13.7245738],[122.3050117,13.7238877],[122.3040611,13.7232058],[122.3026809,13.7221723],[122.3009325,13.7208608],[122.2999677,13.7204037],[122.2986048,13.720002],[122.2961987,13.7185757],[122.2953105,13.7182895],[122.2941157,13.717834],[122.2917721,13.7168666],[122.2904547,13.7162401],[122.2875907,13.7152655],[122.2842541,13.7146998],[122.2835789,13.7140706],[122.281849,13.7135615],[122.2804857,13.7131066],[122.2781604,13.7131145],[122.2769043,13.712487],[122.2755865,13.7119135],[122.2745768,13.7117998],[122.2724784,13.7109494],[122.271406,13.7105472],[122.2697836,13.7101469],[122.2684041,13.7094658],[122.2673944,13.7093521],[122.2656038,13.7090687],[122.2641178,13.7083885],[122.2631528,13.7080488],[122.2611785,13.7076485],[122.2598764,13.7071394],[122.2587888,13.706736],[122.2568746,13.7060567],[122.2559857,13.7054821],[122.2546081,13.7051977],[122.2528155,13.7042836],[122.2514973,13.7036015],[122.2493375,13.702571],[122.2483262,13.7020594],[122.2467003,13.7007378],[122.2446647,13.7002851],[122.2432208,13.698339],[122.2417815,13.6979379],[122.2404437,13.6958204],[122.2397838,13.6951278],[122.238757,13.6944454],[122.2380957,13.6934093],[122.2367758,13.6919145],[122.2357906,13.6899144],[122.2352773,13.6871529],[122.2346168,13.6862343],[122.2337126,13.6857229],[122.2326631,13.6828456],[122.2321849,13.6814121],[122.2312614,13.6796371],[122.2309326,13.6772186],[122.2303754,13.6752063],[122.2298598,13.6717599],[122.2288305,13.6701021],[122.2281536,13.6690116],[122.2272016,13.6679225],[122.2264633,13.6665979],[122.2254954,13.665337],[122.2244666,13.6639041],[122.2230255,13.6629887],[122.2220757,13.6624771],[122.2213548,13.6618476],[122.2199756,13.661103],[122.21901,13.6604738],[122.2176924,13.6597927],[122.2160673,13.6587048],[122.2151177,13.6582475],[122.2134323,13.6575584],[122.2103859,13.6567644],[122.2083024,13.6557338],[122.2069845,13.6548797],[122.2049293,13.6532795],[122.2040397,13.6525873],[122.2015733,13.6513316],[122.2003763,13.6502428],[122.1924154,13.6463303],[122.1934522,13.6445582],[122.1949312,13.6414086],[122.1958782,13.6403075],[122.1964501,13.6395883],[122.1971942,13.6389375],[122.1974557,13.6384908],[122.1981095,13.6373729],[122.1980057,13.6371363],[122.1977914,13.6367785],[122.1967313,13.6357986],[122.1957817,13.63494],[122.1953632,13.6340514],[122.1953066,13.6330103],[122.1957313,13.6307853],[122.1962395,13.6291414],[122.1962406,13.627124],[122.1960169,13.6249205],[122.1955759,13.622418],[122.195464,13.6213168],[122.1959022,13.6188624],[122.197089,13.6166793],[122.1990775,13.6128691],[122.202942,13.6061659],[122.2043756,13.6027878],[122.2046304,13.6024564],[122.2048267,13.6021213],[122.2053847,13.6016326],[122.205626,13.6015305],[122.2063881,13.6015725],[122.2079444,13.6021188],[122.2095355,13.6030698],[122.2104365,13.6037519],[122.211976,13.6045853],[122.2128554,13.6046332],[122.2139933,13.6042921],[122.2148231,13.6031849],[122.2154217,13.602008],[122.2158759,13.6012838],[122.2164894,13.6008563],[122.2176892,13.6004611],[122.2186275,13.6005127],[122.2190864,13.6007108],[122.2194834,13.6009618],[122.2212798,13.600426],[122.2233396,13.5984072],[122.2253896,13.5965611],[122.2284715,13.5951738],[122.2306853,13.5945455],[122.232165,13.5943952],[122.233489,13.5938918],[122.2345333,13.5931423],[122.2360096,13.5930496],[122.2376249,13.5935982],[122.2395485,13.5949129],[122.2420703,13.5970645],[122.2459818,13.5986022],[122.2512142,13.5996916]]]]},"properties":{"FID":7,"MUNCODE":166008,"COUNT":2,"AREA":187279296.876,"PERIMETER":74194.141,"HECTARES":18727.9296876,"REGION":"IV","DIST_CODE":"THIRD","PROVINCE":"QUEZON","MUNICIPALI":"CATANAUAN","NEWFIELD1":" ","area_sqm":0}},{"type":"Feature","id":8,"geometry":{"type":"Polygon","coordinates":[[[121.4279382,14.0618453],[121.4189059,14.0579301],[121.4165353,14.0563136],[121.4144927,14.0551115],[121.4123213,14.0537833],[121.4110892,14.0528713],[121.4091069,14.0511171],[121.4077117,14.049699],[121.4055304,14.0476],[121.4013571,14.0427469],[121.3995747,14.0409815],[121.3989537,14.0401176],[121.3983442,14.0394368],[121.3980511,14.0391027],[121.3977576,14.0389064],[121.3970647,14.0385708],[121.3960898,14.0382231],[121.3946452,14.0375977],[121.3932358,14.0370415],[121.3919203,14.0364859],[121.3914623,14.0362885],[121.3910861,14.036207],[121.390804,14.0361723],[121.3905222,14.0361365],[121.3901576,14.0361352],[121.3897461,14.0361574],[121.3892759,14.0361678],[121.3886527,14.0361196],[121.3881826,14.0360724],[121.3876537,14.0359559],[121.3871249,14.0358156],[121.3865848,14.0355962],[121.386115,14.0353524],[121.3857277,14.0350877],[121.3853758,14.0347645],[121.3850591,14.0343726],[121.3847664,14.0339921],[121.3844383,14.0334962],[121.3763122,14.0225716],[121.3739258,14.0193638],[121.3480662,14.0052229],[121.3438656,14.0029255],[121.3439129,14.0012774],[121.3439081,13.9996075],[121.3433987,13.9978291],[121.3425519,13.9957083],[121.3419798,13.9934063],[121.3411331,13.9912312],[121.34128,13.9891014],[121.3408488,13.987955],[121.341238,13.9849128],[121.3414647,13.9839924],[121.3421474,13.9822063],[121.3429079,13.9809427],[121.3434408,13.9801938],[121.3453141,13.9778295],[121.3456627,13.9768545],[121.3471269,13.9756996],[121.3482998,13.9742027],[121.3491831,13.9731105],[121.3502334,13.9716669],[121.3513445,13.970061],[121.3520447,13.9689687],[121.354161,13.9659189],[121.3568589,13.9632663],[121.3697444,13.9628322],[121.3835333,13.9654009],[121.3952191,13.9740438],[121.4050354,13.992732],[121.4122805,13.997404],[121.4312117,14.0011417],[121.4426635,14.0037114],[121.447338,14.0072146],[121.4508436,14.0095511],[121.4548536,14.011058],[121.4553683,14.0148486],[121.4562938,14.0178272],[121.457669,14.0230527],[121.4596032,14.0259767],[121.4597449,14.0274125],[121.4600759,14.0310947],[121.4604833,14.0346508],[121.4611193,14.0379812],[121.4617399,14.0411409],[121.4624557,14.0457893],[121.4626201,14.0498138],[121.4634405,14.0536595],[121.464841,14.0569892],[121.4652288,14.0591113],[121.4655556,14.0611777],[121.4637102,14.0629376],[121.4628155,14.0638042],[121.4606646,14.0658898],[121.4586433,14.0658543],[121.4564425,14.0657453],[121.453522,14.0656916],[121.4516716,14.0654662],[121.4495316,14.0653576],[121.4472076,14.06525],[121.4447152,14.0649707],[121.4425136,14.0648616],[121.4396545,14.0645821],[121.4371466,14.0642484],[121.434592,14.0636251],[121.4331534,14.0628848],[121.4314256,14.0628848],[121.4285039,14.0620908],[121.4279382,14.0618453]]]},"properties":{"FID":8,"MUNCODE":166009,"COUNT":1,"AREA":78465751.855,"PERIMETER":39194.584,"HECTARES":7846.5751855,"REGION":"IV","DIST_CODE":"SECOND","PROVINCE":"QUEZON","MUNICIPALI":"DOLORES","NEWFIELD1":" ","area_sqm":0}},{"type":"Feature","id":9,"geometry":{"type":"Polygon","coordinates":[[[122.147852,13.7202378],[122.1483601,13.7203583],[122.149973,13.7198846],[122.1508852,13.7189656],[122.1513353,13.7180539],[122.1505746,13.7142114],[122.1506664,13.7141458],[122.1515581,13.7129814],[122.1521148,13.7115096],[122.1521791,13.7104158],[122.1526876,13.7087675],[122.1531554,13.7078107],[122.153348,13.7075333],[122.1539297,13.7066402],[122.1546908,13.7057003],[122.1557449,13.704776],[122.1566613,13.7041903],[122.1577875,13.7030391],[122.1590096,13.7012576],[122.1596387,13.6995589],[122.1620528,13.6914909],[122.1627844,13.6890476],[122.1635654,13.6877619],[122.1641203,13.6873309],[122.1648926,13.687199],[122.1661755,13.6873853],[122.1681839,13.6882453],[122.16943,13.6890644],[122.1708587,13.6897778],[122.1720145,13.6901286],[122.1728448,13.6902636],[122.1741707,13.6904771],[122.1758329,13.6902216],[122.1784737,13.6893262],[122.1820516,13.6875004],[122.1834576,13.6865964],[122.1843426,13.6855471],[122.1849447,13.6843104],[122.1850506,13.6835072],[122.1847561,13.6825106],[122.1840475,13.6815487],[122.1814863,13.6800812],[122.178623,13.6797519],[122.1773917,13.6796845],[122.1762056,13.6798501],[122.1744713,13.6803337],[122.1721021,13.6806083],[122.1704087,13.6804004],[122.169759,13.6794409],[122.1695582,13.6788526],[122.1698611,13.6756947],[122.1710087,13.6721781],[122.1725981,13.6691489],[122.1754189,13.6661871],[122.1783229,13.6638064],[122.1823219,13.6598131],[122.186509,13.654619],[122.1889868,13.650485],[122.1916868,13.6475757],[122.1924154,13.6463303],[122.2003763,13.6502428],[122.2015733,13.6513316],[122.2040397,13.6525873],[122.2049293,13.6532795],[122.2069845,13.6548797],[122.2083024,13.6557338],[122.2103859,13.6567644],[122.2134323,13.6575584],[122.2151177,13.6582475],[122.2160673,13.6587048],[122.2176924,13.6597927],[122.21901,13.6604738],[122.2199756,13.661103],[122.2213548,13.6618476],[122.2220757,13.6624771],[122.2230255,13.6629887],[122.2244666,13.6639041],[122.2254954,13.665337],[122.2264633,13.6665979],[122.2272016,13.6679225],[122.2281536,13.6690116],[122.2288305,13.6701021],[122.2298598,13.6717599],[122.2303754,13.6752063],[122.2309326,13.6772186],[122.2312614,13.6796371],[122.2321849,13.6814121],[122.2326631,13.6828456],[122.2337126,13.6857229],[122.2346168,13.6862343],[122.2352773,13.6871529],[122.2357906,13.6899144],[122.2367758,13.6919145],[122.2380957,13.6934093],[122.238757,13.6944454],[122.2397838,13.6951278],[122.2404437,13.6958204],[122.2417815,13.6979379],[122.2432208,13.698339],[122.2446647,13.7002851],[122.2467003,13.7007378],[122.2483262,13.7020594],[122.2493375,13.702571],[122.2514973,13.7036015],[122.2528155,13.7042836],[122.2546081,13.7051977],[122.2559857,13.7054821],[122.2568746,13.7060567],[122.2587888,13.706736],[122.2598764,13.7071394],[122.2611785,13.7076485],[122.2631528,13.7080488],[122.2641178,13.7083885],[122.2656038,13.7090687],[122.2673944,13.7093521],[122.2684041,13.7094658],[122.2697836,13.7101469],[122.271406,13.7105472],[122.2724784,13.7109494],[122.2745768,13.7117998],[122.2755865,13.7119135],[122.2769043,13.712487],[122.2781604,13.7131145],[122.2804857,13.7131066],[122.281849,13.7135615],[122.2835789,13.7140706],[122.2842541,13.7146998],[122.2875907,13.7152655],[122.2904547,13.7162401],[122.2917721,13.7168666],[122.2941157,13.717834],[122.2953105,13.7182895],[122.2961987,13.7185757],[122.2986048,13.720002],[122.2999677,13.7204037],[122.3009325,13.7208608],[122.3026809,13.7221723],[122.3040611,13.7232058],[122.3050117,13.7238877],[122.3074611,13.7245738],[122.3084873,13.7249135],[122.3094995,13.7256589],[122.3102202,13.7262881],[122.3121348,13.7270304],[122.312856,13.7277229],[122.3148929,13.7284565],[122.3169922,13.7296038],[122.3179588,13.7303501],[122.3193837,13.7309768],[122.3218936,13.7313646],[122.3224926,13.7321122],[122.3245885,13.7321676],[122.326258,13.7327384],[122.3429376,13.7500236],[122.2639632,13.7682192],[122.247937,13.7874867],[122.2477284,13.7874273],[122.246472,13.7867996],[122.2443717,13.7853081],[122.2421501,13.7842231],[122.240956,13.7838295],[122.2386901,13.7830336],[122.2368809,13.78183],[122.2348599,13.7812055],[122.233113,13.780236],[122.2322082,13.7794263],[122.2301861,13.77863],[122.2282094,13.7775444],[122.2265855,13.7766284],[122.2245475,13.7754252],[122.2235975,13.7750854],[122.2219126,13.7742878],[122.2195674,13.772688],[122.218617,13.7721673],[122.2172385,13.7714317],[122.2159203,13.7705697],[122.2143582,13.7700595],[122.2126883,13.769262],[122.2116783,13.7690937],[122.2094568,13.7678909],[122.2079549,13.7669209],[122.2058556,13.7657726],[122.2042916,13.7646306],[122.20299,13.7641744],[122.2020251,13.7637712],[122.1991618,13.7628057],[122.1981352,13.7623481],[122.1972468,13.7619541],[122.1966332,13.7612605],[122.1951924,13.7602906],[122.1926159,13.7582309],[122.1909926,13.7575407],[122.1890161,13.7565182],[122.1876536,13.7561701],[122.1863371,13.7558946],[122.1848951,13.7544545],[122.1821986,13.7530283],[122.179563,13.7516543],[122.17765,13.7512637],[122.1743569,13.7498931],[122.1711872,13.7487557],[122.1702369,13.7482349],[122.1684291,13.7471574],[122.1666962,13.7457185],[122.165009,13.7443509],[122.1639812,13.7433698],[122.1632602,13.7426859],[122.1615105,13.740796],[122.1609109,13.7397056],[122.1586887,13.738213],[122.1577212,13.7371236],[122.1570001,13.7363854],[122.1554173,13.7339162],[122.1546963,13.7332323],[122.1533764,13.7318557],[122.1521001,13.7296747],[122.1506408,13.7275483],[122.1499019,13.7260607],[122.147852,13.7202378]]]},"properties":{"FID":9,"MUNCODE":166010,"COUNT":1,"AREA":149567983.826,"PERIMETER":59582.785,"HECTARES":14956.7983826,"REGION":"IV","DIST_CODE":"THIRD","PROVINCE":"QUEZON","MUNICIPALI":"GEN. LUNA","NEWFIELD1":" ","area_sqm":0}},{"type":"Feature","id":10,"geometry":{"type":"MultiPolygon","coordinates":[[[[121.490334,15.1436735],[121.4906904,15.1437323],[121.4909861,15.1440213],[121.4911031,15.1443667],[121.4910406,15.1449424],[121.4908018,15.1451137],[121.4905044,15.1451128],[121.4902677,15.1449395],[121.4897357,15.1443044],[121.4899167,15.1438447],[121.490334,15.1436735]]],[[[121.5357616,15.0264902],[121.5363555,15.026607],[121.5365915,15.0268955],[121.5365873,15.0276434],[121.5362862,15.0283341],[121.536046,15.0287359],[121.5356877,15.0290228],[121.535332,15.0288488],[121.5353333,15.0286194],[121.5350998,15.02787],[121.535403,15.0268348],[121.5357616,15.0264902]]],[[[121.5398611,15.0166],[121.5400975,15.0168309],[121.5402136,15.0172915],[121.5399141,15.0176941],[121.5391977,15.0182103],[121.5383057,15.0182656],[121.53801,15.0180343],[121.5380125,15.0175745],[121.5381331,15.0172861],[121.5386117,15.0167694],[121.5393854,15.0165993],[121.5398611,15.0166]]],[[[121.4219477,15.2087818],[121.4221851,15.2088975],[121.4223622,15.2091281],[121.4223607,15.2094162],[121.4222392,15.2098763],[121.4218802,15.2102771],[121.4214022,15.2106782],[121.4211034,15.2109653],[121.4207465,15.2109639],[121.4205692,15.210791],[121.4205714,15.21033],[121.4208721,15.209756],[121.4211143,15.208951],[121.4217101,15.2087801],[121.4219477,15.2087818]]],[[[121.4240559,15.2060399],[121.4246502,15.2061571],[121.4248865,15.2064457],[121.4248838,15.2069642],[121.4247036,15.2073087],[121.424226,15.2076522],[121.4237495,15.2078228],[121.4233345,15.2075341],[121.4230987,15.2071302],[121.4230415,15.2067276],[121.4232816,15.2063249],[121.4240559,15.2060399]]],[[[121.4938096,15.1078063],[121.4938095,15.1078063],[121.4939002,15.1088779],[121.493474,15.1107754],[121.4932897,15.1119266],[121.4934021,15.1131351],[121.4932164,15.1145167],[121.492856,15.1152058],[121.4926129,15.1162413],[121.49326,15.1175675],[121.4943247,15.1186061],[121.4949156,15.1192981],[121.4950311,15.1199892],[121.4947885,15.1209095],[121.4941273,15.1222315],[121.493825,15.123209],[121.4934038,15.1241292],[121.4927409,15.1258534],[121.4920204,15.127175],[121.4916594,15.1279804],[121.4914764,15.1288999],[121.491474,15.1293609],[121.4915299,15.1300516],[121.4914655,15.1309719],[121.4920477,15.1333913],[121.4926362,15.1345442],[121.4927502,15.1355234],[121.4919064,15.1376497],[121.4905336,15.1386822],[121.489578,15.1394848],[121.4886791,15.1408063],[121.4881316,15.1432215],[121.4862561,15.1494318],[121.4852266,15.1529973],[121.4853343,15.1551854],[121.4855625,15.1570849],[121.4852582,15.1584081],[121.4844799,15.1594412],[121.4831672,15.1603012],[121.4819733,15.1612184],[121.4806581,15.1625382],[121.4802342,15.1640335],[121.4799287,15.1656436],[121.4797891,15.1696727],[121.4794835,15.1712828],[121.4797688,15.1736437],[121.4797561,15.1761179],[121.4790288,15.1788211],[121.4781844,15.1811213],[121.4773466,15.1821539],[121.4760923,15.1832436],[121.4751954,15.1841617],[121.4747709,15.1857721],[121.4744661,15.1872682],[121.4736863,15.1885316],[121.4724945,15.1890455],[121.4713632,15.1892728],[121.4700505,15.1901316],[121.4689735,15.1913941],[121.4678961,15.192773],[121.4665809,15.1940927],[121.4653863,15.1950664],[121.4642492,15.1965025],[121.4630554,15.197362],[121.4618586,15.1987965],[121.4608972,15.2006925],[121.4599382,15.2021863],[121.4586254,15.203045],[121.4571968,15.2032713],[121.4557693,15.203266],[121.4547006,15.2029175],[121.4539295,15.2025122],[121.4532163,15.2023955],[121.4526224,15.2022784],[121.4523259,15.202047],[121.4522739,15.2006085],[121.4511497,15.1994529],[121.450081,15.1991043],[121.4485993,15.1981214],[121.4473531,15.1975999],[121.4458044,15.1980547],[121.4449056,15.1993759],[121.4443611,15.2011583],[121.4432784,15.2035143],[121.4413062,15.2054066],[121.4392778,15.2066093],[121.4374851,15.2083299],[121.4354541,15.2100488],[121.4315257,15.2106688],[121.4289712,15.210085],[121.4275489,15.2091023],[121.4273194,15.2074897],[121.4278,15.2065711],[121.4278044,15.205708],[121.4269754,15.2050142],[121.426024,15.2050109],[121.4244768,15.2051786],[121.4223935,15.2055165],[121.4206038,15.2066043],[121.4195282,15.2075785],[121.4182706,15.209244],[121.4174268,15.2114275],[121.4167042,15.213151],[121.4160442,15.2142422],[121.4152081,15.21493],[121.414315,15.2150999],[121.412891,15.2144617],[121.4122374,15.2143452],[121.4119965,15.2149773],[121.4125285,15.2155539],[121.4125252,15.2161877],[121.4121666,15.2165308],[121.4113349,15.2163555],[121.4104449,15.2159504],[121.4093071,15.2151289],[121.4050976,15.1919516],[121.4032505,15.1846358],[121.4014094,15.1807985],[121.3988833,15.1778646],[121.3957757,15.1745019],[121.391781,15.1709339],[121.3839966,15.166645],[121.3696873,15.1596788],[121.3475798,15.1489425],[121.3297315,15.1392322],[121.3173517,15.1317531],[121.3156898,15.1306821],[121.3118121,15.1281836],[121.3100513,15.1256241],[121.3072309,15.1209384],[121.2961405,15.1019133],[121.2926392,15.0962745],[121.291185,15.091756],[121.2900802,15.087483],[121.2899769,15.0835373],[121.2907322,15.0788705],[121.2935594,15.0710934],[121.2977105,15.0656907],[121.2997928,15.0629815],[121.3115803,15.0526433],[121.3215472,15.0432795],[121.3254799,15.0397183],[121.3271072,15.037403],[121.3284115,15.0358288],[121.3292123,15.0333086],[121.3291928,15.0269334],[121.3295704,15.0159359],[121.3297604,15.0069616],[121.3298569,15.0057275],[121.3324286,14.9728156],[121.3334251,14.9554938],[121.3342346,14.9414232],[121.3361639,14.9168743],[121.3363789,14.9063975],[121.342805,14.8946755],[121.3481719,14.7624499],[121.3503253,14.7468541],[121.3504954,14.7454228],[121.3853939,14.6925781],[121.399862,14.6706699],[121.4039302,14.6657651],[121.4191608,14.642167],[121.4255124,14.6323264],[121.4468624,14.5992461],[121.4559672,14.5851395],[121.458916,14.5928419],[121.4592406,14.5944574],[121.4595494,14.5957204],[121.4604363,14.596064],[121.4613854,14.5963979],[121.4630505,14.5961095],[121.4642435,14.5962722],[121.4657881,14.5966698],[121.4663881,14.5983301],[121.4664069,14.5997109],[121.4662402,14.6005775],[121.466612,14.6026442],[121.4672272,14.604143],[121.4680538,14.6046569],[121.4693084,14.6052797],[121.4703175,14.6052807],[121.4715707,14.6051002],[121.4729742,14.604053],[121.4743331,14.6031321],[121.4752606,14.6008852],[121.4766799,14.600064],[121.4784703,14.6008045],[121.4794201,14.6016705],[121.4805703,14.6033852],[121.4812911,14.6041887],[121.4816603,14.6053356],[121.4819067,14.6062015],[121.4826117,14.6069416],[121.4841739,14.6081427],[121.4854283,14.6085395],[121.4874916,14.6082422],[121.4895088,14.6080609],[121.4905788,14.608061],[121.4918326,14.6080522],[121.4939124,14.6085583],[121.4945105,14.6093609],[121.4951699,14.6103357],[121.4957682,14.6110853],[121.4972088,14.6128537],[121.4971653,14.6138376],[121.497718,14.6149303],[121.498378,14.6160757],[121.4996964,14.6175654],[121.5000661,14.6190005],[121.5003771,14.62113],[121.5011134,14.6224487],[121.5029059,14.6241087],[121.5039771,14.6247313],[121.5051106,14.6254809],[121.5061367,14.6264558],[121.5068414,14.6271416],[121.5070448,14.6289823],[121.5060119,14.6320873],[121.5056021,14.6333603],[121.5044887,14.6346875],[121.5044484,14.6371605],[121.5038093,14.6383156],[121.5029423,14.6402195],[121.5021797,14.6410235],[121.5014188,14.6427563],[121.5010873,14.6448862],[121.5018093,14.646258],[121.5017654,14.6471785],[121.5024262,14.6487307],[121.5027956,14.6498234],[121.5035775,14.650852],[121.5041924,14.6522875],[121.5045452,14.6530909],[121.5058795,14.654932],[121.5069511,14.6557264],[121.5083309,14.6572787],[121.509729,14.660545],[121.5104066,14.6628475],[121.5106541,14.6640569],[121.5116646,14.6647966],[121.5126297,14.6655993],[121.5135789,14.6662223],[121.5135361,14.6674954],[121.5138457,14.6693367],[121.5142148,14.670365],[121.5148754,14.6718008],[121.5164983,14.6729466],[121.5174471,14.6733436],[121.5183502,14.6737945],[121.5181864,14.6759244],[121.5198107,14.6776487],[121.5200579,14.6787406],[121.5198312,14.6800046],[121.5198337,14.6810961],[121.5200188,14.6819627],[121.5206347,14.6837948],[121.5219343,14.6837951],[121.5231703,14.6827477],[121.5254151,14.6816468],[121.5263805,14.6827387],[121.525988,14.6849225],[121.5257006,14.6863669],[121.525182,14.6871161],[121.5251848,14.6884335],[121.5254317,14.6893006],[121.5258008,14.6903921],[121.5263377,14.6911954],[121.5268917,14.692748],[121.5280219,14.6922784],[121.5303278,14.6913484],[121.5321014,14.6913935],[121.533891,14.6919076],[121.5352074,14.6925939],[121.5365687,14.6929279],[121.53793,14.6930991],[121.5391834,14.693089],[121.5401326,14.6936576],[121.5414467,14.6935404],[121.543219,14.6931245],[121.5443331,14.6921496],[121.5454018,14.6914547],[121.5464541,14.6902987],[121.5473387,14.6891438],[121.5482246,14.6887912],[121.5489875,14.6882141],[121.5503473,14.687861],[121.5514172,14.6878609],[121.5523657,14.6879154],[121.5533756,14.6883115],[121.5539734,14.6890519],[121.5539905,14.6900271],[121.5538856,14.6910648],[121.5538884,14.6922207],[121.5543811,14.693827],[121.5553921,14.6948016],[121.556707,14.6949635],[121.558358,14.6947286],[121.5610747,14.6954019],[121.5606121,14.6958973],[121.5598812,14.6968938],[121.5597927,14.697248],[121.5598814,14.6974915],[121.5603019,14.6980218],[121.5608554,14.6984433],[121.5612762,14.6986199],[121.5625826,14.6989297],[121.5634682,14.6991295],[121.5639776,14.6991507],[121.5649518,14.6989737],[121.5656827,14.6986415],[121.5668161,14.6980712],[121.5675083,14.6976563],[121.5682466,14.6973795],[121.5689846,14.6972869],[121.5705534,14.6973801],[121.5718455,14.6978412],[121.5728605,14.6982101],[121.5737835,14.6990406],[121.5744293,14.699779],[121.5749367,14.7005165],[121.5751677,14.7008863],[121.5753261,14.7016996],[121.5755105,14.7024375],[121.5757411,14.7028524],[121.576479,14.7031756],[121.5778629,14.7037298],[121.578324,14.7037292],[121.5790621,14.7034987],[121.5802612,14.7031298],[121.5812758,14.7029451],[121.5818754,14.7025759],[121.5821059,14.7022994],[121.5823826,14.7013768],[121.5826596,14.7008226],[121.5829823,14.700454],[121.5834896,14.7002695],[121.5844122,14.7001768],[121.5848733,14.7001774],[121.5857035,14.7005],[121.587041,14.7008685],[121.5879174,14.7012377],[121.5884246,14.7015606],[121.5887475,14.7025297],[121.5892549,14.7033599],[121.5894394,14.7040988],[121.5895777,14.7049753],[121.5895779,14.7056216],[121.5892089,14.7069131],[121.5890703,14.7078353],[121.5892086,14.7086655],[121.5896239,14.7092194],[121.5905925,14.7098659],[121.5933599,14.7108804],[121.5974156,14.7125558],[121.5985078,14.7131386],[121.5989447,14.7135752],[121.5992722,14.7141941],[121.5993449,14.714886],[121.5993086,14.7159411],[121.5992358,14.7172524],[121.5995269,14.7192541],[121.6001459,14.7212204],[121.60029,14.7225184],[121.6002913,14.7225309],[121.600801,14.7234774],[121.601056,14.7237682],[121.6014928,14.7239505],[121.6017841,14.7240234],[121.6022936,14.7246784],[121.6025122,14.7252616],[121.6029853,14.726026],[121.6035674,14.7267866],[121.6041148,14.7278271],[121.6053747,14.7292516],[121.607182,14.7317177],[121.6075106,14.7325389],[121.6075569,14.7330035],[121.60762,14.7336344],[121.6075104,14.7359907],[121.6074009,14.7380181],[121.60762,14.7396612],[121.6080033,14.7411956],[121.6084964,14.7423454],[121.6088479,14.7433034],[121.6092465,14.7443894],[121.6097908,14.7468931],[121.6107163,14.7498861],[121.6110431,14.75054],[121.6119686,14.7517918],[121.6122955,14.7523904],[121.6134931,14.753315],[121.6152354,14.7540768],[121.6157799,14.7541863],[121.6162698,14.7539135],[121.6177479,14.7529462],[121.6206349,14.7519838],[121.6236628,14.7519838],[121.6266901,14.7529396],[121.6308155,14.7553944],[121.6302949,14.7561055],[121.6307324,14.7567543],[121.6320234,14.7580761],[121.6341574,14.7602389],[121.6351057,14.7613145],[121.6364906,14.7620718],[121.6402398,14.7641526],[121.6423316,14.7660281],[121.6438223,14.7679848],[121.6446975,14.7702497],[121.6458694,14.7715639],[121.6467334,14.772065],[121.6484498,14.7722728],[121.6511241,14.7724183],[121.6552668,14.7729272],[121.6574444,14.7733873],[121.6597695,14.7743658],[121.661308,14.7755295],[121.6614096,14.7758182],[121.6612036,14.7762622],[121.6604561,14.77679],[121.6585692,14.7774254],[121.6566995,14.7777795],[121.6537978,14.7774507],[121.6506125,14.7759135],[121.6490072,14.7748601],[121.6474582,14.7738669],[121.6465175,14.7736444],[121.6458362,14.7740619],[121.6461063,14.7754973],[121.6471205,14.7764625],[121.6516659,14.7781874],[121.6526416,14.7788077],[121.6531593,14.7791204],[121.6531943,14.7795206],[121.6528732,14.7799006],[121.6520797,14.7801988],[121.6512968,14.7803264],[121.6497136,14.7808651],[121.6444317,14.7823957],[121.6395934,14.7834949],[121.638083,14.7838102],[121.6365622,14.7842961],[121.6353279,14.7849668],[121.6322165,14.7870692],[121.628423,14.7895889],[121.6265911,14.7912502],[121.6254687,14.7930062],[121.6248571,14.7942217],[121.6244416,14.7980619],[121.6235823,14.80233],[121.6228828,14.8039958],[121.6217638,14.8056953],[121.6204275,14.8070409],[121.6188746,14.809001],[121.6178767,14.8100424],[121.6145364,14.8135317],[121.6109572,14.8173665],[121.6072546,14.822215],[121.6056552,14.824908],[121.6051242,14.8259827],[121.6048359,14.8265662],[121.6044295,14.8292675],[121.6043065,14.8312475],[121.604845,14.8341138],[121.6062824,14.8378805],[121.6084579,14.842255],[121.6087143,14.8428351],[121.6098711,14.8454532],[121.6105703,14.847646],[121.611287,14.8495576],[121.6115033,14.8518379],[121.6111904,14.8549409],[121.6104406,14.857395],[121.6101687,14.8578622],[121.609705,14.8586582],[121.6091833,14.8593669],[121.6086719,14.8599061],[121.6084092,14.8602887],[121.6031674,14.8639131],[121.5989931,14.8666898],[121.5955571,14.8691093],[121.5941486,14.8706192],[121.5931094,14.8722026],[121.5921018,14.8737376],[121.5902197,14.8761281],[121.5878916,14.8799113],[121.5863551,14.883453],[121.5837289,14.8910159],[121.5816041,14.8972441],[121.5831588,14.8926868],[121.5790649,14.8917474],[121.5783669,14.892195],[121.5776694,14.8931036],[121.5772043,14.8940046],[121.5772009,14.8953604],[121.5771997,14.8974032],[121.5767332,14.89966],[121.5758026,14.9007931],[121.5744064,14.9023753],[121.5739391,14.9041802],[121.573473,14.906898],[121.5732359,14.9141366],[121.5732349,14.9148145],[121.5723017,14.9170774],[121.571602,14.9184289],[121.5709032,14.922501],[121.5702024,14.9265732],[121.5697362,14.9274832],[121.5692696,14.9281582],[121.5685704,14.9304225],[121.5685693,14.9320043],[121.5690318,14.9347189],[121.5690306,14.9378825],[121.5692586,14.9410475],[121.5690243,14.9444446],[121.5683239,14.9471518],[121.5629682,14.9562022],[121.562036,14.9582391],[121.5618008,14.9611752],[121.5620302,14.9641143],[121.5615641,14.9657021],[121.5606306,14.9679559],[121.5592335,14.9702249],[121.5524791,14.979718],[121.551316,14.9815274],[121.5506158,14.9822099],[121.5501502,14.9824329],[121.5492195,14.982436],[121.5445702,14.9810777],[121.5438711,14.9810823],[121.543174,14.9813038],[121.5427082,14.9819877],[121.5424738,14.9826641],[121.5427053,14.9844734],[121.5452618,14.9871832],[121.5457256,14.9889939],[121.545724,14.9910276],[121.5457234,14.9912536],[121.5450223,14.9944217],[121.5452533,14.995327],[121.5459517,14.9960004],[121.5467562,14.9969591],[121.5469024,14.9957104],[121.5465086,14.9990805],[121.5458954,15.0023011],[121.5446283,15.0057526],[121.544207,15.0067294],[121.5438429,15.0080524],[121.5435989,15.0092033],[121.5433598,15.009491],[121.542217,15.0119049],[121.5414421,15.0123067],[121.5406698,15.0122463],[121.5400154,15.0123608],[121.5395942,15.01328],[121.5392333,15.0140855],[121.5386954,15.0146018],[121.5380406,15.0147727],[121.5372086,15.0147708],[121.5363745,15.0151145],[121.5353624,15.0153995],[121.5349458,15.0154556],[121.534467,15.0160874],[121.5345214,15.0170086],[121.5347535,15.0180462],[121.5346308,15.0187357],[121.5348045,15.0196],[121.5352774,15.0200618],[121.536344,15.0206979],[121.5362201,15.0216179],[121.535385,15.022191],[121.5346675,15.0229378],[121.5339472,15.024203],[121.5337051,15.0250082],[121.5332837,15.025985],[121.5326258,15.0267321],[121.531732,15.027132],[121.5311373,15.027188],[121.5303041,15.0273589],[121.5291725,15.0277594],[121.5282181,15.0283893],[121.5269642,15.0294229],[121.526545,15.0299975],[121.5255257,15.0316066],[121.5250433,15.0328711],[121.525214,15.0342528],[121.5252078,15.0354041],[121.5250845,15.03621],[121.5245451,15.0370143],[121.5234728,15.0374141],[121.5230556,15.037643],[121.5227551,15.038276],[121.5225753,15.0385053],[121.5220379,15.038965],[121.5195414,15.0389578],[121.5178742,15.0394147],[121.5163224,15.0405615],[121.5152459,15.0417668],[121.5145854,15.0429736],[121.5144633,15.0436066],[121.5135039,15.0451008],[121.5121897,15.0463056],[121.5115344,15.0465351],[121.5110553,15.0472235],[121.5118839,15.0478593],[121.5123557,15.0485516],[121.5119341,15.049586],[121.5114551,15.0502178],[121.510619,15.0509061],[121.5087726,15.0515922],[121.5079383,15.0519358],[121.5061462,15.0535419],[121.5048243,15.0561284],[121.5045815,15.0570487],[121.50511,15.0582588],[121.5052204,15.0586957],[121.5052203,15.0586957],[121.5052848,15.0589503],[121.5052776,15.0602744],[121.5044205,15.0648761],[121.503574,15.0674646],[121.5024325,15.0697054],[121.5012952,15.0711417],[121.5002179,15.0724621],[121.4998581,15.0730371],[121.4993756,15.0743592],[121.4990139,15.0752787],[121.4985316,15.0764867],[121.4974524,15.0782104],[121.4969689,15.0797053],[121.496839,15.08172],[121.4976588,15.0840811],[121.4987808,15.0854658],[121.5004384,15.0867941],[121.5009675,15.0879477],[121.5009635,15.0886956],[121.5006623,15.0894427],[121.4998259,15.0901885],[121.4990519,15.0904172],[121.4980397,15.0906444],[121.4972056,15.0909868],[121.4964301,15.0915025],[121.495951,15.0921343],[121.4958273,15.0930554],[121.4959416,15.0939193],[121.4959397,15.0942639],[121.4962243,15.0966248],[121.4963973,15.0976609],[121.4963913,15.0987545],[121.4960892,15.0996755],[121.4954908,15.1004218],[121.4950135,15.1007078],[121.4948941,15.1008223],[121.4944711,15.1020882],[121.4937521,15.1031217],[121.4930334,15.1041552],[121.4927906,15.1050755],[121.4929039,15.1061123],[121.493316,15.1069195],[121.4937883,15.1075542],[121.4938096,15.1078063]]]]},"properties":{"FID":10,"MUNCODE":166011,"COUNT":6,"AREA":1413473853.903,"PERIMETER":194543.34,"HECTARES":141347.3853903,"REGION":"IV","DIST_CODE":"FIRST","PROVINCE":"QUEZON","MUNICIPALI":"GENERAL NAKAR","NEWFIELD1":" ","area_sqm":0}},{"type":"Feature","id":11,"geometry":{"type":"Polygon","coordinates":[[[122.3672741,13.941548],[122.3652462,13.9131749],[122.3612823,13.8944835],[122.3429376,13.7500236],[122.4022716,13.8051222],[122.4176406,13.8255493],[122.4994611,13.7699768],[122.5011751,13.7697994],[122.5029978,13.7715843],[122.5045713,13.7737655],[122.5060651,13.7748478],[122.5110714,13.7747685],[122.5110773,13.7752489],[122.5113294,13.777051],[122.511853,13.7792718],[122.513823,13.7841063],[122.51453,13.7893407],[122.5143957,13.7927413],[122.5138787,13.7956032],[122.5133256,13.799099],[122.5124614,13.8028678],[122.5114633,13.8048392],[122.5102915,13.8067447],[122.5093977,13.8079127],[122.5091165,13.8087067],[122.5110674,13.8118108],[122.5116139,13.8122097],[122.513791,13.8137975],[122.5147139,13.8141904],[122.5155977,13.814235],[122.5161053,13.8136257],[122.5166581,13.8122084],[122.5171755,13.8114261],[122.5179873,13.810658],[122.5186974,13.8106357],[122.5191626,13.8107756],[122.5206355,13.8118895],[122.5213659,13.8136021],[122.5215361,13.8147666],[122.5213365,13.8162016],[122.5209014,13.8176237],[122.5199783,13.8182707],[122.517883,13.8187424],[122.513274,13.819781],[122.5103344,13.8205573],[122.5091591,13.8214806],[122.5083802,13.8227132],[122.5080596,13.8242],[122.5077094,13.8272452],[122.5075459,13.8290872],[122.5067503,13.8295671],[122.5065541,13.8299046],[122.5066324,13.8306021],[122.5071107,13.8315513],[122.5076378,13.8326758],[122.5075296,13.833538],[122.5067539,13.834713],[122.5051141,13.8354975],[122.5029437,13.8352139],[122.5013857,13.8355984],[122.5001942,13.8378508],[122.5005151,13.8384448],[122.5009209,13.8396222],[122.5004594,13.8415065],[122.4981813,13.843126],[122.4972614,13.8447573],[122.496119,13.8451041],[122.494083,13.8445382],[122.4921749,13.8438064],[122.4906496,13.8436134],[122.4896971,13.843738],[122.4872949,13.8444258],[122.4843296,13.8456639],[122.4830794,13.8468729],[122.4823003,13.8491475],[122.4816258,13.8516586],[122.4811479,13.8559151],[122.4808698,13.8576946],[122.4804704,13.8584838],[122.4795407,13.859247],[122.4777932,13.8598525],[122.4766647,13.8600478],[122.4754661,13.8602555],[122.4734142,13.8631026],[122.4719838,13.8664439],[122.4696076,13.8708375],[122.4684287,13.8728016],[122.4675847,13.874208],[122.4643773,13.8786766],[122.4617754,13.8818446],[122.4580867,13.8864624],[122.4557087,13.8887085],[122.4520946,13.8921227],[122.4492243,13.8948141],[122.4473753,13.8972105],[122.4461708,13.8996987],[122.4439976,13.9036427],[122.4432054,13.9061511],[122.4426879,13.9079786],[122.4413004,13.9095306],[122.4390784,13.9112141],[122.4364409,13.9129338],[122.4354197,13.914273],[122.4349517,13.9152337],[122.4343169,13.9160132],[122.4331126,13.9164151],[122.4314995,13.9167391],[122.4305832,13.9172715],[122.4301805,13.9181205],[122.3672741,13.941548]]]},"properties":{"FID":11,"MUNCODE":166012,"COUNT":1,"AREA":199152257.588,"PERIMETER":75523.719,"HECTARES":19915.2257588,"REGION":"IV","DIST_CODE":"FOURTH","PROVINCE":"QUEZON","MUNICIPALI":"GUINAYANGAN","NEWFIELD1":" ","area_sqm":0}},{"type":"Feature","id":12,"geometry":{"type":"MultiPolygon","coordinates":[[[[122.021156,13.9586108],[122.022219,13.9493765],[122.0216694,13.9411211],[122.0194683,13.9323143],[122.0183678,13.9235075],[122.0178175,13.9152521],[122.0194683,13.9025936],[122.0255208,13.8811276],[122.0333516,13.8690291],[122.0390245,13.8750456],[122.0496467,13.8669807],[122.0574385,13.8620519],[122.0591314,13.8577831],[122.0594737,13.8533532],[122.0590335,13.8493599],[122.0581401,13.8464464],[122.0567348,13.8446113],[122.0550351,13.8427672],[122.0637661,13.8316418],[122.0697541,13.8354743],[122.0766956,13.8295933],[122.0860708,13.8342891],[122.0889419,13.8395165],[122.0948341,13.8348686],[122.1036668,13.8351621],[122.1078679,13.8395104],[122.1132234,13.8413607],[122.1192152,13.8371759],[122.1531925,13.8398531],[122.161121,13.8246606],[122.1653495,13.8186874],[122.1733922,13.817971],[122.1819091,13.8219969],[122.1893497,13.8264496],[122.1972053,13.8243993],[122.1996739,13.824595],[122.2054687,13.8289344],[122.2123153,13.8303104],[122.2160808,13.8369284],[122.2199456,13.8462081],[122.2203324,13.8566476],[122.2176267,13.8643806],[122.2106694,13.8782988],[122.2068044,13.885646],[122.2056449,13.8926051],[122.2071908,13.8984045],[122.2100982,13.9056831],[122.2082275,13.9064535],[122.2068887,13.9071951],[122.205899,13.9080123],[122.203817,13.9103958],[122.2020725,13.9120436],[122.1998579,13.9136671],[122.198271,13.9146271],[122.1959071,13.9157777],[122.1940531,13.9162587],[122.1925682,13.9164696],[122.1912764,13.9164009],[122.1894946,13.916655],[122.1880519,13.9171576],[122.1860121,13.917804],[122.1847621,13.918027],[122.1843026,13.9178288],[122.1840339,13.9167554],[122.1823616,13.9177828],[122.1806606,13.9186789],[122.1787382,13.9193302],[122.1769567,13.919583],[122.1746737,13.9193459],[122.16647,13.9216924],[122.1594003,13.9227655],[122.1585845,13.9229424],[122.1561804,13.923463],[122.1549963,13.9235742],[122.1521855,13.9233067],[122.1508355,13.9232342],[122.1485113,13.9227028],[122.1465325,13.9223072],[122.144787,13.9209358],[122.1423256,13.9187132],[122.1407529,13.9174092],[122.1398374,13.9169539],[122.1381355,13.916862],[122.1366382,13.9173042],[122.1356037,13.9178871],[122.1335697,13.9194609],[122.1320624,13.920076],[122.1310647,13.9200227],[122.1298325,13.9199562],[122.1283169,13.9196999],[122.1273714,13.9197654],[122.1265918,13.9200135],[122.1261543,13.920455],[122.12548,13.9219274],[122.1246265,13.9234489],[122.1226263,13.9244453],[122.1218961,13.9245477],[122.1214395,13.9246128],[122.1203833,13.9245559],[122.1187991,13.9244699],[122.1174529,13.9243396],[122.1145261,13.9240656],[122.1108166,13.9240973],[122.1072246,13.9241351],[122.1056758,13.9244583],[122.1032956,13.9249095],[122.1031413,13.9255395],[122.1027726,13.9258105],[122.102362,13.9257887],[122.1017888,13.9255244],[122.1010949,13.9253127],[122.1002872,13.9250374],[122.0995731,13.9251726],[122.0988842,13.92589],[122.0986814,13.9263435],[122.0985169,13.9271476],[122.0989638,13.9285664],[122.0986483,13.9299429],[122.0977935,13.9304777],[122.0969036,13.9306032],[122.0963891,13.9303436],[122.095702,13.9300156],[122.0933315,13.927273],[122.091313,13.9245498],[122.0902477,13.9226336],[122.0891554,13.9211807],[122.0886379,13.9209788],[122.0882238,13.9210145],[122.0877933,13.9213395],[122.0873974,13.9220726],[122.0873234,13.9221175],[122.0863239,13.9231128],[122.0854378,13.9238023],[122.0842563,13.9246872],[122.0830745,13.9254739],[122.0815973,13.9268516],[122.0811053,13.9282296],[122.0804158,13.9296069],[122.0799237,13.9304922],[122.0791359,13.9315742],[122.0777573,13.9326573],[122.0767725,13.9333452],[122.075903,13.9345748],[122.0757586,13.935032],[122.0756043,13.935662],[122.0758335,13.9367783],[122.0758267,13.9368947],[122.0747389,13.9384038],[122.074509,13.9393217],[122.0744988,13.9394946],[122.0736439,13.9400293],[122.0728716,13.9401619],[122.0715814,13.9400915],[122.0703668,13.9397354],[122.0691487,13.9394369],[122.0684382,13.9395144],[122.0666001,13.9397628],[122.061853,13.9414793],[122.0544001,13.9442113],[122.0500187,13.9457154],[122.0500165,13.9467619],[122.0495858,13.9470868],[122.0485824,13.9471484],[122.0468992,13.9467655],[122.0458607,13.9464179],[122.0306823,13.9525633],[122.0270581,13.9552137],[122.0257256,13.9568843],[122.0245544,13.9578085],[122.023114,13.9583113],[122.0220971,13.9586044],[122.021156,13.9586108]]],[[[122.0948553,13.9314217],[122.0959948,13.9320645],[122.096539,13.9338363],[122.0963396,13.9342322],[122.0954947,13.934593],[122.0944388,13.934536],[122.093693,13.9342043],[122.0933782,13.9335488],[122.0932041,13.9324937],[122.0933619,13.9318049],[122.0940859,13.9314957],[122.0948553,13.9314217]]],[[[122.0875048,13.9323583],[122.0885017,13.9324129],[122.0888334,13.9327792],[122.0888935,13.9337705],[122.0888463,13.9345806],[122.0882294,13.9350699],[122.0868096,13.9362128],[122.0858612,13.9363359],[122.0852194,13.936243],[122.0845493,13.9356257],[122.0841271,13.934789],[122.0841677,13.9340941],[122.0844945,13.9335314],[122.0846839,13.9333095],[122.0857013,13.9330161],[122.0861153,13.9329803],[122.0867186,13.9327227],[122.0875048,13.9323583]]]]},"properties":{"FID":12,"MUNCODE":166013,"COUNT":3,"AREA":204157207.356,"PERIMETER":73012.035,"HECTARES":20415.7207356,"REGION":"IV","DIST_CODE":"FOURTH","PROVINCE":"QUEZON","MUNICIPALI":"GUMACA","NEWFIELD1":" ","area_sqm":0}},{"type":"Feature","id":13,"geometry":{"type":"Polygon","coordinates":[[[121.6308155,14.7553944],[121.6266901,14.7529396],[121.6236628,14.7519838],[121.6206349,14.7519838],[121.6177479,14.7529462],[121.6162698,14.7539135],[121.6157799,14.7541863],[121.6152354,14.7540768],[121.6134931,14.753315],[121.6122955,14.7523904],[121.6119686,14.7517918],[121.6110431,14.75054],[121.6107163,14.7498861],[121.6097908,14.7468931],[121.6092465,14.7443894],[121.6088479,14.7433034],[121.6084964,14.7423454],[121.6080033,14.7411956],[121.60762,14.7396612],[121.6074009,14.7380181],[121.6075104,14.7359907],[121.60762,14.7336344],[121.6075569,14.7330035],[121.6075106,14.7325389],[121.607182,14.7317177],[121.6053747,14.7292516],[121.6041148,14.7278271],[121.6035674,14.7267866],[121.6029853,14.726026],[121.6025122,14.7252616],[121.6022936,14.7246784],[121.6017841,14.7240234],[121.6014928,14.7239505],[121.601056,14.7237682],[121.600801,14.7234774],[121.6002913,14.7225309],[121.60029,14.7225184],[121.6001459,14.7212204],[121.5995269,14.7192541],[121.5992358,14.7172524],[121.5993086,14.7159411],[121.5993449,14.714886],[121.5992722,14.7141941],[121.5989447,14.7135752],[121.5985078,14.7131386],[121.5974156,14.7125558],[121.5933599,14.7108804],[121.5905925,14.7098659],[121.5896239,14.7092194],[121.5892086,14.7086655],[121.5890703,14.7078353],[121.5892089,14.7069131],[121.5895779,14.7056216],[121.5895777,14.7049753],[121.5894394,14.7040988],[121.5892549,14.7033599],[121.5887475,14.7025297],[121.5884246,14.7015606],[121.5879174,14.7012377],[121.587041,14.7008685],[121.5857035,14.7005],[121.5848733,14.7001774],[121.5844122,14.7001768],[121.5834896,14.7002695],[121.5829823,14.700454],[121.5826596,14.7008226],[121.5823826,14.7013768],[121.5821059,14.7022994],[121.5818754,14.7025759],[121.5812758,14.7029451],[121.5802612,14.7031298],[121.5790621,14.7034987],[121.578324,14.7037292],[121.5778629,14.7037298],[121.576479,14.7031756],[121.5757411,14.7028524],[121.5755105,14.7024375],[121.5753261,14.7016996],[121.5751677,14.7008863],[121.5749367,14.7005165],[121.5744293,14.699779],[121.5737835,14.6990406],[121.5728605,14.6982101],[121.5718455,14.6978412],[121.5705534,14.6973801],[121.5689846,14.6972869],[121.5682466,14.6973795],[121.5675083,14.6976563],[121.5668161,14.6980712],[121.5656827,14.6986415],[121.5649518,14.6989737],[121.5639776,14.6991507],[121.5634682,14.6991295],[121.5625826,14.6989297],[121.5612762,14.6986199],[121.5608554,14.6984433],[121.5603019,14.6980218],[121.5598814,14.6974915],[121.5597927,14.697248],[121.5598812,14.6968938],[121.5606121,14.6958973],[121.5610747,14.6954019],[121.561542,14.694902],[121.5620566,14.69426],[121.5709485,14.6884769],[121.5746163,14.6866984],[121.5802845,14.6849197],[121.5843969,14.6842522],[121.5919549,14.6840293],[121.5997352,14.684474],[121.604292,14.685698],[121.6070749,14.6865531],[121.6072633,14.686404],[121.607381,14.6862883],[121.6075459,14.6861503],[121.6076989,14.6859083],[121.6078754,14.6857478],[121.6080993,14.6855864],[121.6083351,14.6854703],[121.608571,14.685378],[121.6088659,14.685321],[121.6090902,14.6853777],[121.6092912,14.6855269],[121.6093623,14.6856539],[121.6094334,14.6858035],[121.6094926,14.6859756],[121.6095287,14.6861938],[121.6095526,14.6863092],[121.6096121,14.6865842],[121.6096359,14.6866306],[121.6097185,14.6866876],[121.6098367,14.6867222],[121.6099901,14.6867446],[121.6102261,14.6867799],[121.6103916,14.6868137],[121.6105213,14.6868133],[121.6106624,14.6866526],[121.6106857,14.6865025],[121.6107089,14.6862845],[121.6107203,14.6860778],[121.6107079,14.685836],[121.6107311,14.6856169],[121.6107543,14.6854329],[121.6108715,14.6851115],[121.6110011,14.6849496],[121.6112722,14.6848462],[121.6114018,14.6848119],[121.6116262,14.6847658],[121.6118032,14.6847646],[121.6119565,14.6847079],[121.6121568,14.684604],[121.6123217,14.6844423],[121.6125568,14.6840629],[121.6126274,14.6838792],[121.6127801,14.6836371],[121.612933,14.6834064],[121.6130626,14.6832456],[121.6130977,14.6831995],[121.6132863,14.6830617],[121.613581,14.6828544],[121.6137697,14.6827968],[121.6140172,14.6827045],[121.6141233,14.6826689],[121.6143944,14.6825655],[121.6145714,14.6825191],[121.6146893,14.6825074],[121.6149373,14.682484],[121.615114,14.6824387],[121.6153735,14.6823804],[121.6155742,14.6823567],[121.6157155,14.6822536],[121.6157947,14.6822236],[121.6162066,14.6826644],[121.6175825,14.6845629],[121.618474,14.6846123],[121.6185539,14.6842749],[121.6182065,14.683117],[121.6177471,14.6818386],[121.6172486,14.6802154],[121.6172016,14.6790174],[121.6178116,14.6777973],[121.6186323,14.6770452],[121.6200264,14.6766659],[121.6209941,14.6764344],[121.6214444,14.6758891],[121.621747,14.6748231],[121.622221,14.6738813],[121.6229121,14.6732922],[121.6244386,14.6726923],[121.6315335,14.6706879],[121.6352084,14.670035],[121.6354699,14.6696501],[121.6352731,14.6689552],[121.6346995,14.6685823],[121.6309994,14.6686645],[121.6295734,14.668586],[121.6286924,14.6683673],[121.6281714,14.6681111],[121.6281463,14.6675392],[121.6279412,14.6659901],[121.6273424,14.6650453],[121.6266108,14.6643212],[121.62638,14.6641945],[121.625657,14.6643258],[121.6238669,14.6663366],[121.6228413,14.6675338],[121.6216612,14.6683234],[121.6211331,14.6681802],[121.6208701,14.6675967],[121.6213591,14.6624382],[121.6217839,14.661321],[121.6223493,14.6608397],[121.6237225,14.6608015],[121.6278304,14.6618811],[121.6344117,14.6654327],[121.6412553,14.6715619],[121.6469736,14.6755771],[121.6489958,14.6776249],[121.6521616,14.6804749],[121.6550372,14.6831943],[121.6576451,14.6844184],[121.6602205,14.6851847],[121.6631182,14.6865392],[121.6713255,14.6907433],[121.6822165,14.6968572],[121.6845383,14.6988625],[121.6854793,14.700052],[121.6854555,14.7004496],[121.6850892,14.7006],[121.6847856,14.7006977],[121.6841918,14.700665],[121.68313,14.700494],[121.6824667,14.7006292],[121.6821952,14.7011836],[121.6825394,14.7023979],[121.6833329,14.7030669],[121.6840283,14.7033894],[121.6847933,14.7035441],[121.6854819,14.7039807],[121.6860293,14.7057747],[121.686009,14.7061147],[121.6853568,14.7090398],[121.6849984,14.7100445],[121.683805,14.7130535],[121.6835941,14.7145788],[121.6842401,14.7147283],[121.6846694,14.7145239],[121.6858384,14.7139035],[121.6872497,14.7142075],[121.6874108,14.7145011],[121.6880188,14.717266],[121.6885742,14.7199132],[121.6873601,14.7232622],[121.6857824,14.726704],[121.6858906,14.72743],[121.6863446,14.7279591],[121.6869498,14.7283377],[121.6877063,14.7284132],[121.6883115,14.7282618],[121.6889444,14.7276146],[121.6892215,14.72598],[121.6893021,14.7236517],[121.6892435,14.7216571],[121.6893972,14.7191043],[121.6895712,14.7162116],[121.6893194,14.7134655],[121.6893097,14.7066916],[121.689166,14.7041225],[121.6894189,14.7028833],[121.6902739,14.702531],[121.6903961,14.7024809],[121.6910742,14.7030869],[121.6915677,14.7037971],[121.6929904,14.7048989],[121.694001,14.7059204],[121.6948322,14.7059657],[121.6948493,14.7056822],[121.6941776,14.7049632],[121.6936317,14.7041364],[121.693291,14.7028656],[121.6933116,14.7025244],[121.6960999,14.7017074],[121.6977446,14.7020816],[121.6981466,14.7023302],[121.6984908,14.7035445],[121.6985686,14.7042319],[121.6982395,14.705751],[121.6985207,14.7070192],[121.6991005,14.7072778],[121.6994736,14.7070133],[121.6998775,14.7062381],[121.7002879,14.7053489],[121.7007545,14.704521],[121.7015077,14.7038778],[121.7018807,14.7036132],[121.7037477,14.7032587],[121.7072966,14.7026537],[121.7102724,14.7016748],[121.712424,14.7005387],[121.7142026,14.6996661],[121.7166524,14.6975204],[121.7222225,14.6939477],[121.7252327,14.6933688],[121.7270753,14.6934106],[121.7289362,14.6941372],[121.7306091,14.6950243],[121.7315246,14.6956429],[121.7323756,14.697339],[121.7325518,14.6983739],[121.7325046,14.699168],[121.7324808,14.6995656],[121.7317133,14.7014608],[121.7282202,14.7071366],[121.7228547,14.7142483],[121.7166399,14.7215969],[121.7102506,14.727854],[121.7031816,14.7335037],[121.6966841,14.7395236],[121.6932166,14.7426927],[121.6918352,14.743869],[121.6907435,14.7451747],[121.6888923,14.7482025],[121.6845728,14.7526321],[121.6789665,14.7566498],[121.6737992,14.7602924],[121.6699156,14.7624124],[121.6673878,14.7647763],[121.6661907,14.7668145],[121.665903,14.7695834],[121.6659396,14.7719157],[121.6656709,14.7724125],[121.6648745,14.7727672],[121.6640392,14.7727793],[121.6632737,14.7726235],[121.662446,14.7686007],[121.6620052,14.7680083],[121.6616065,14.7677021],[121.6607747,14.7676577],[121.6601212,14.7676223],[121.6596106,14.7671956],[121.6593515,14.7665568],[121.6587143,14.7652718],[121.6579343,14.7643769],[121.657057,14.7641018],[121.6561448,14.7643937],[121.6557789,14.7655101],[121.6557911,14.7682389],[121.6557987,14.769092],[121.6555368,14.7694758],[121.654674,14.7699397],[121.6540099,14.7700748],[121.6532898,14.7701486],[121.6524649,14.7699901],[121.6511083,14.769746],[121.6508008,14.7699002],[121.6501755,14.7703778],[121.6492633,14.7706685],[121.648788,14.7706432],[121.6483753,14.7705639],[121.647889,14.7697408],[121.6476638,14.7675689],[121.6472009,14.7653843],[121.646525,14.7637556],[121.6450941,14.7618015],[121.6428801,14.7599762],[121.6400088,14.7581707],[121.6365885,14.756563],[121.6325531,14.7552624],[121.6308155,14.7553944]]]},"properties":{"FID":13,"MUNCODE":166014,"COUNT":1,"AREA":98744575.585,"PERIMETER":65242.242,"HECTARES":9874.4575585,"REGION":"IV","DIST_CODE":"FIRST","PROVINCE":"QUEZON","MUNICIPALI":"INFANTA","NEWFIELD1":" ","area_sqm":0}},{"type":"Feature","id":14,"geometry":{"type":"Polygon","coordinates":[[[122.3724554,14.6837598],[122.3724555,14.6837602],[122.372779,14.6837125],[122.3746102,14.6835694],[122.3774358,14.6835295],[122.3823823,14.6844977],[122.3834166,14.6849446],[122.3845526,14.6856799],[122.3856056,14.6857856],[122.3861396,14.6856966],[122.3864391,14.6855968],[122.3875105,14.6853612],[122.3887672,14.6849633],[122.3901995,14.6845738],[122.3917554,14.6840761],[122.3947376,14.6843833],[122.3989696,14.6844079],[122.4015379,14.6847536],[122.4037325,14.6854802],[122.4086368,14.6871868],[122.4112757,14.6883892],[122.4127046,14.6891387],[122.4137012,14.6891842],[122.4149448,14.6890133],[122.4164784,14.6889132],[122.4182869,14.6891664],[122.4200181,14.6897584],[122.4230699,14.6909232],[122.4282876,14.6933252],[122.4302162,14.6946093],[122.4315678,14.6956953],[122.4333419,14.6965732],[122.4348351,14.6972109],[122.4363747,14.698078],[122.4376674,14.6991616],[122.4385715,14.700911],[122.439118,14.7027578],[122.4393988,14.7040807],[122.4395037,14.7053942],[122.4395812,14.7072195],[122.4390999,14.7095894],[122.4378507,14.7120365],[122.436638,14.7138034],[122.43566,14.7144983],[122.432951,14.7167655],[122.4299702,14.7186218],[122.4269026,14.7199048],[122.4239152,14.7207936],[122.4211684,14.7215778],[122.4185075,14.7229364],[122.4175382,14.7234606],[122.4165043,14.7240965],[122.4150715,14.7255677],[122.4125241,14.7291494],[122.4104949,14.7318441],[122.4092536,14.73304],[122.4082779,14.7336772],[122.4070798,14.7340776],[122.4053538,14.734454],[122.4026334,14.7347273],[122.3985764,14.7347122],[122.3946612,14.7342477],[122.3890871,14.7339912],[122.3858168,14.7335565],[122.3841526,14.7327972],[122.3829019,14.7319994],[122.3812594,14.7308423],[122.3794633,14.7281997],[122.3779234,14.7251691],[122.3763865,14.7231636],[122.3745338,14.7215414],[122.3727614,14.7206065],[122.3707728,14.7193195],[122.3693122,14.7180566],[122.3668971,14.717034],[122.3650437,14.7164933],[122.362245,14.7160223],[122.3585691,14.7154527],[122.3567125,14.7149684],[122.3548745,14.7141428],[122.3529098,14.713483],[122.3493967,14.7131488],[122.3442765,14.7131378],[122.3387414,14.713165],[122.3368781,14.7127924],[122.3357225,14.7123981],[122.332837,14.7102708],[122.3307062,14.7072676],[122.3282849,14.7041946],[122.3264409,14.7024003],[122.3246459,14.700779],[122.3228142,14.6987564],[122.3211093,14.6965703],[122.3188168,14.6943553],[122.3171545,14.6935379],[122.3155937,14.6930089],[122.3147962,14.6925161],[122.3138416,14.6916736],[122.3129461,14.689752],[122.3119277,14.6868559],[122.3117432,14.6848539],[122.3116239,14.6827414],[122.3116002,14.6810315],[122.3116781,14.67961],[122.3120373,14.6784313],[122.3122353,14.678042],[122.3127272,14.677666],[122.3140965,14.6773886],[122.3151568,14.6773816],[122.3159079,14.6776437],[122.3165971,14.677961],[122.3175953,14.678008],[122.318535,14.6780526],[122.3194191,14.6780371],[122.3215212,14.6772804],[122.3229583,14.676836],[122.3251003,14.6764229],[122.327644,14.6761998],[122.3290531,14.676266],[122.3300851,14.6767708],[122.3304837,14.6770171],[122.3311201,14.6772179],[122.3318342,14.6770798],[122.3327303,14.6768371],[122.3334349,14.6768697],[122.3338983,14.6770055],[122.3344141,14.6772578],[122.3350414,14.6776281],[122.3358321,14.6782349],[122.3373677,14.679218],[122.3383963,14.6797792],[122.3396042,14.6802912],[122.3421408,14.6812635],[122.3447945,14.6822418],[122.3479394,14.682844],[122.3545903,14.6838944],[122.3586088,14.6846502],[122.3626921,14.6852955],[122.3701109,14.684102],[122.3724554,14.6837598]]]},"properties":{"FID":14,"MUNCODE":166015,"COUNT":1,"AREA":51180416.626,"PERIMETER":33420.597,"HECTARES":5118.0416626,"REGION":"IV","DIST_CODE":"FIRST","PROVINCE":"QUEZON","MUNICIPALI":"JUMALIG","NEWFIELD1":" ","area_sqm":0}},{"type":"Feature","id":15,"geometry":{"type":"Polygon","coordinates":[[[122.224393,13.9449174],[122.2248383,13.9448872],[122.224838,13.9448866],[122.2258131,13.9448191],[122.2287211,13.9454951],[122.2304991,13.9463439],[122.2322707,13.9473078],[122.2337653,13.9479669],[122.2348166,13.9481386],[122.2355383,13.9478866],[122.2385986,13.9469446],[122.2405124,13.9464646],[122.241499,13.9457037],[122.2422123,13.9445803],[122.2428896,13.9430487],[122.2434309,13.9408138],[122.244236,13.9391143],[122.2454358,13.9377268],[122.2466156,13.9366861],[122.2474626,13.9352794],[122.2475392,13.9339495],[122.2469107,13.9325812],[122.2471556,13.9323412],[122.2447894,13.9315405],[122.2440621,13.9308635],[122.243438,13.9283944],[122.242762,13.9227302],[122.2426768,13.9201147],[122.2422514,13.9182927],[122.2417016,13.9165822],[122.2411451,13.9149858],[122.2411074,13.9135921],[122.2406855,13.9117125],[122.2403641,13.9101304],[122.2397158,13.9091089],[122.2381725,13.9082735],[122.2365377,13.9080129],[122.2341186,13.9080596],[122.2326566,13.9078663],[122.231176,13.9069756],[122.230828,13.9058545],[122.2312404,13.904833],[122.2316985,13.9040444],[122.2328072,13.9021899],[122.233324,13.9014049],[122.2333639,13.9007111],[122.233058,13.8998829],[122.2323025,13.8986825],[122.2311388,13.897404],[122.230454,13.8970188],[122.2291128,13.8967738],[122.2278205,13.8967053],[122.2261389,13.8972549],[122.2237213,13.8993301],[122.2220618,13.9005183],[122.2209025,13.9012108],[122.2187832,13.9021997],[122.2164257,13.9032353],[122.2149271,13.9036769],[122.2130143,13.9041555],[122.2100982,13.9056831],[122.2071908,13.8984045],[122.2056449,13.8926051],[122.2068044,13.885646],[122.2106694,13.8782988],[122.2176267,13.8643806],[122.2203324,13.8566476],[122.2199456,13.8462081],[122.2160808,13.8369284],[122.2123153,13.8303104],[122.247937,13.7874867],[122.2639632,13.7682192],[122.3429376,13.7500236],[122.3612823,13.8944835],[122.3165716,13.9233077],[122.288178,13.9395225],[122.2577563,13.9516816],[122.2415313,13.9577615],[122.2232785,13.9699221],[122.1855736,13.9958497],[122.1829315,13.9946632],[122.1818941,13.9942585],[122.1815652,13.9938348],[122.1815466,13.9931363],[122.1817106,13.992331],[122.1820677,13.991245],[122.1826798,13.9898242],[122.1850127,13.9851239],[122.1858365,13.9841208],[122.1872913,13.9823965],[122.18787,13.9815554],[122.1887657,13.9803243],[122.1900925,13.9787679],[122.1915085,13.9766921],[122.1927412,13.974724],[122.1937193,13.9730908],[122.1951165,13.9703175],[122.1965622,13.9677218],[122.1975602,13.9657406],[122.1991122,13.9643714],[122.2009279,13.9635377],[122.2026583,13.9631648],[122.2035071,13.9627449],[122.2048598,13.9617706],[122.2055039,13.9608177],[122.2059884,13.959566],[122.2060351,13.9587547],[122.205899,13.9580501],[122.2057662,13.957288],[122.205682,13.9567034],[122.2058981,13.9560181],[122.2065877,13.9552993],[122.2073848,13.9547606],[122.2093636,13.954168],[122.2107868,13.954011],[122.2126082,13.9541074],[122.21363,13.9537558],[122.2144907,13.9521164],[122.2152423,13.9513436],[122.2163886,13.9508817],[122.2174461,13.9509382],[122.2184282,13.9512804],[122.2202496,13.9513766],[122.2210565,13.9506638],[122.2215833,13.9497049],[122.2218885,13.9485011],[122.2221058,13.9467715],[122.2226225,13.9459854],[122.2230571,13.9456026],[122.224393,13.9449174]]]},"properties":{"FID":15,"MUNCODE":166016,"COUNT":1,"AREA":267327608.615,"PERIMETER":84424.173,"HECTARES":26732.7608615,"REGION":"IV","DIST_CODE":"FOURTH","PROVINCE":"QUEZON","MUNICIPALI":"LOPEZ","NEWFIELD1":" ","area_sqm":0}},{"type":"Feature","id":16,"geometry":{"type":"Polygon","coordinates":[[[121.522311,14.1502722],[121.5214243,14.1492057],[121.5196603,14.1470853],[121.5184015,14.1450189],[121.5175411,14.1434125],[121.5166337,14.141346],[121.5163698,14.1399105],[121.5157087,14.138476],[121.5147248,14.1364722],[121.5141713,14.1352632],[121.5133266,14.1338908],[121.5124023,14.1311925],[121.5125668,14.1299292],[121.5122567,14.1282053],[121.5122376,14.1268233],[121.5120319,14.12436],[121.5113554,14.1228078],[121.5110895,14.120569],[121.5111308,14.118845],[121.510389,14.1160292],[121.5103082,14.1143056],[121.5097521,14.1121836],[121.509426,14.110289],[121.509406,14.1085647],[121.5091398,14.1063258],[121.509183,14.1052888],[121.5092841,14.1032218],[121.5089574,14.1010368],[121.5083375,14.09805],[121.5081343,14.0962714],[121.5076841,14.0937986],[121.5073736,14.0920205],[121.5065741,14.090306],[121.5056681,14.0888711],[121.5050952,14.0862258],[121.504251,14.0850263],[121.5028079,14.082788],[121.5062449,14.0819111],[121.5078505,14.0819109],[121.5113487,14.0809257],[121.5143118,14.0799418],[121.5168014,14.0793537],[121.5198888,14.0790552],[121.5237557,14.0786472],[121.5267599,14.0758759],[121.5308991,14.0746006],[121.5330979,14.0737337],[121.5367216,14.0737772],[121.5387967,14.0724587],[121.5399111,14.0718802],[121.542995,14.0703723],[121.5461252,14.0688726],[121.5481412,14.0682938],[121.5499291,14.0677689],[121.5514729,14.0678222],[121.5548515,14.0677578],[121.5568058,14.0668271],[121.5614713,14.0679623],[121.5638602,14.0693324],[121.5658526,14.0710561],[121.5692068,14.0733381],[121.5715538,14.0762695],[121.5744341,14.0783803],[121.575094,14.0792463],[121.5764287,14.0810237],[121.5784216,14.0830264],[121.5792681,14.0850302],[121.580129,14.0869257],[121.5812829,14.089624],[121.5819173,14.0922051],[121.5832364,14.0938106],[121.5848776,14.0959309],[121.5893221,14.0997728],[121.5908224,14.1006301],[121.5938088,14.1023967],[121.5979414,14.1042265],[121.5997525,14.1068618],[121.6022188,14.108701],[121.6052055,14.1105229],[121.6091743,14.1138509],[121.6123411,14.1145257],[121.6145007,14.1159596],[121.6162896,14.1161292],[121.6190503,14.119449],[121.6222559,14.1231748],[121.623488,14.1265672],[121.6257318,14.1306907],[121.6261018,14.133381],[121.6233443,14.1356398],[121.6223976,14.1360468],[121.6206881,14.1370314],[121.61962,14.1378354],[121.6184445,14.1385857],[121.6167974,14.1400316],[121.6145526,14.1410074],[121.6131326,14.1417031],[121.612004,14.142743],[121.6105389,14.1438362],[121.6090601,14.1452807],[121.6071853,14.147349],[121.6055819,14.1481001],[121.6046967,14.1488498],[121.6024718,14.1514413],[121.6012362,14.1524805],[121.6001062,14.1528874],[121.5996501,14.1538622],[121.5985816,14.1546119],[121.597101,14.15548],[121.595393,14.1570327],[121.5943401,14.1577294],[121.5935618,14.158361],[121.5906149,14.1596895],[121.5885986,14.1603861],[121.5874679,14.160567],[121.5849779,14.1612642],[121.5839075,14.1613189],[121.58261,14.162014],[121.5807601,14.1621963],[121.578743,14.1623143],[121.575823,14.1623253],[121.5748141,14.1623791],[121.5725524,14.1629047],[121.5699366,14.1622835],[121.5679645,14.1622841],[121.5663755,14.1626904],[121.5644659,14.1631615],[121.5634121,14.1635676],[121.5623881,14.1636225],[121.5610274,14.1636324],[121.5587652,14.1638674],[121.5565639,14.1639864],[121.555083,14.1645108],[121.5517696,14.1662987],[121.548865,14.1660744],[121.5467675,14.1651645],[121.5447323,14.1643612],[121.5426977,14.1638574],[121.5410289,14.1628823],[121.538167,14.1617372],[121.5351065,14.1606011],[121.5337882,14.1592835],[121.531753,14.1584812],[121.5300845,14.1577422],[121.5287506,14.1563702],[121.5270198,14.154936],[121.5258087,14.1537896],[121.5247971,14.1528693],[121.5228045,14.1508661],[121.522311,14.1502722]]]},"properties":{"FID":16,"MUNCODE":166017,"COUNT":1,"AREA":93362337.163,"PERIMETER":38130.61,"HECTARES":9336.2337163,"REGION":"IV","DIST_CODE":"FIRST","PROVINCE":"QUEZON","MUNICIPALI":"LUCBAN","NEWFIELD1":" ","area_sqm":0}},{"type":"Feature","id":17,"geometry":{"type":"Polygon","coordinates":[[[121.6683295,13.9166428],[121.6683293,13.9166429],[121.6684837,13.9175997],[121.6687339,13.918313],[121.6690629,13.918682],[121.6703803,13.919166],[121.6720552,13.919556],[121.6734965,13.9199311],[121.6739216,13.9206543],[121.6740071,13.9211836],[121.6730176,13.9220574],[121.6722793,13.9226545],[121.6720999,13.923692],[121.6725527,13.9239509],[121.6734416,13.9237705],[121.6760336,13.9235145],[121.6785288,13.923893],[121.6808318,13.9245519],[121.6827158,13.9253609],[121.6834569,13.9256949],[121.684566,13.9257597],[121.6848749,13.9254867],[121.6857641,13.9253062],[121.6864647,13.9253473],[121.6873775,13.92575],[121.6879612,13.9257836],[121.6882051,13.9256233],[121.6887761,13.9239099],[121.6895501,13.9217434],[121.6899663,13.920662],[121.690664,13.9197708],[121.6913888,13.9194063],[121.6922712,13.9193409],[121.6928409,13.9196073],[121.6948829,13.9207155],[121.6957889,13.9212345],[121.6970104,13.9223529],[121.6970564,13.9224063],[121.6517995,13.9571759],[121.6481723,13.9607965],[121.6488318,13.9709767],[121.6464861,13.9735468],[121.6395624,13.978376],[121.6406383,13.9885144],[121.6377051,13.9895059],[121.6296364,13.9784806],[121.6246917,13.9780708],[121.6201085,13.9819454],[121.614579,13.9858428],[121.6145758,13.9858371],[121.6120876,13.9816545],[121.6058999,13.9753704],[121.602073,13.9676715],[121.5943164,13.9740844],[121.553854,13.9425172],[121.5560827,13.9394502],[121.5665025,13.9300203],[121.58624,13.8934348],[121.5870614,13.8936927],[121.590622,13.8947777],[121.5933403,13.8952883],[121.5963057,13.895581],[121.5985102,13.8958875],[121.5999533,13.8962054],[121.6008684,13.8965508],[121.6013719,13.896931],[121.6015153,13.8974629],[121.6014312,13.8988546],[121.6009113,13.9006866],[121.6005659,13.9025299],[121.6007093,13.9030618],[121.6011335,13.9037863],[121.602077,13.9036674],[121.6025057,13.9033433],[121.6028045,13.9032444],[121.6038362,13.9035972],[121.6054904,13.9052677],[121.606394,13.9067769],[121.6072743,13.9077017],[121.6080763,13.907982],[121.608495,13.9078329],[121.6085753,13.9064978],[121.6077522,13.9036546],[121.6064561,13.9009003],[121.606097,13.9000632],[121.6059071,13.8983638],[121.6060705,13.896628],[121.6065682,13.8961336],[121.6071615,13.8959935],[121.6084579,13.8958382],[121.609841,13.8952212],[121.610572,13.8947406],[121.6108399,13.8941749],[121.6108996,13.8931888],[121.61112,13.8924454],[121.6120201,13.8911024],[121.6132315,13.8904166],[121.6150165,13.8889522],[121.6160834,13.8887243],[121.6170056,13.8889533],[121.6171632,13.8892536],[121.6169521,13.8908129],[121.6156681,13.8946362],[121.6146038,13.9016156],[121.6149558,13.9025679],[121.6156225,13.9033163],[121.6157777,13.9034901],[121.6183513,13.9054471],[121.6212479,13.9068997],[121.6218495,13.907033],[121.6244817,13.9076151],[121.6285427,13.9082041],[121.6308399,13.9081289],[121.6317091,13.9080998],[121.6360079,13.907655],[121.6388969,13.9073016],[121.6415145,13.9075727],[121.6427696,13.908113],[121.6443294,13.9094268],[121.6473544,13.9107114],[121.6503759,13.9120536],[121.6543475,13.9141502],[121.6581899,13.9154822],[121.65983,13.9154618],[121.6607192,13.9152814],[121.6616876,13.9147556],[121.6625905,13.9143436],[121.6638949,13.9140705],[121.6651783,13.9141453],[121.666743,13.9144127],[121.6678542,13.9154086],[121.6682279,13.9160129],[121.6683295,13.9166428]]]},"properties":{"FID":17,"MUNCODE":166018,"COUNT":1,"AREA":81906447.671,"PERIMETER":48665.078,"HECTARES":8190.6447671,"REGION":"IV","DIST_CODE":"SECOND","PROVINCE":"QUEZON","MUNICIPALI":"LUCENA CITY","NEWFIELD1":" ","area_sqm":0}},{"type":"Feature","id":18,"geometry":{"type":"Polygon","coordinates":[[[122.135048,13.7217281],[122.1349589,13.7223957],[122.1377409,13.7223015],[122.1393622,13.72228],[122.1402698,13.7211349],[122.1404849,13.7200055],[122.140698,13.718641],[122.1409128,13.7175116],[122.1411296,13.7163732],[122.1420535,13.7163673],[122.1436778,13.7165719],[122.1450821,13.7176798],[122.1462602,13.719248],[122.1474315,13.7201381],[122.147852,13.7202378],[122.1499019,13.7260607],[122.1506408,13.7275483],[122.1521001,13.7296747],[122.1533764,13.7318557],[122.1546963,13.7332323],[122.1554173,13.7339162],[122.1570001,13.7363854],[122.1577212,13.7371236],[122.1586887,13.738213],[122.1609109,13.7397056],[122.1615105,13.740796],[122.1632602,13.7426859],[122.1639812,13.7433698],[122.165009,13.7443509],[122.1666962,13.7457185],[122.1684291,13.7471574],[122.1702369,13.7482349],[122.1711872,13.7487557],[122.1743569,13.7498931],[122.17765,13.7512637],[122.179563,13.7516543],[122.1821986,13.7530283],[122.1848951,13.7544545],[122.1863371,13.7558946],[122.1876536,13.7561701],[122.1890161,13.7565182],[122.1909926,13.7575407],[122.1926159,13.7582309],[122.1951924,13.7602906],[122.1966332,13.7612605],[122.1972468,13.7619541],[122.1981352,13.7623481],[122.1991618,13.7628057],[122.2020251,13.7637712],[122.20299,13.7641744],[122.2042916,13.7646306],[122.2058556,13.7657726],[122.2079549,13.7669209],[122.2094568,13.7678909],[122.2116783,13.7690937],[122.2126883,13.769262],[122.2143582,13.7700595],[122.2159203,13.7705697],[122.2172385,13.7714317],[122.218617,13.7721673],[122.2195674,13.772688],[122.2219126,13.7742878],[122.2235975,13.7750854],[122.2245475,13.7754252],[122.2265855,13.7766284],[122.2282094,13.7775444],[122.2301861,13.77863],[122.2322082,13.7794263],[122.233113,13.780236],[122.2348599,13.7812055],[122.2368809,13.78183],[122.2386901,13.7830336],[122.240956,13.7838295],[122.2421501,13.7842231],[122.2443717,13.7853081],[122.246472,13.7867996],[122.2477284,13.7874273],[122.247937,13.7874867],[122.2123153,13.8303104],[122.2054687,13.8289344],[122.1996739,13.824595],[122.1972053,13.8243993],[122.1893497,13.8264496],[122.1819091,13.8219969],[122.1733922,13.817971],[122.1653495,13.8186874],[122.1588069,13.8010323],[122.1524226,13.7855882],[122.1423141,13.7749365],[122.1258206,13.7626864],[122.1170627,13.7566484],[122.123122,13.7516013],[122.1296468,13.746637],[122.1315317,13.7455836],[122.1326997,13.7447231],[122.1333129,13.7442936],[122.1332295,13.7437112],[122.1329466,13.7435215],[122.131836,13.7434035],[122.1309669,13.7431823],[122.1304179,13.7425158],[122.1300985,13.7409381],[122.1305958,13.7384784],[122.1319371,13.7356611],[122.1332505,13.7323227],[122.1344192,13.726433],[122.135048,13.7217281]]]},"properties":{"FID":18,"MUNCODE":166019,"COUNT":1,"AREA":75401560.44,"PERIMETER":41293.638,"HECTARES":7540.156044,"REGION":"IV","DIST_CODE":"THIRD","PROVINCE":"QUEZON","MUNICIPALI":"MACALELON","NEWFIELD1":" ","area_sqm":0}},{"type":"Feature","id":19,"geometry":{"type":"MultiPolygon","coordinates":[[[[121.8092698,14.2753183],[121.8094352,14.2739789],[121.8096933,14.2718886],[121.8103058,14.2704249],[121.8108066,14.2699336],[121.8119261,14.270051],[121.8126662,14.2706084],[121.8137389,14.2715856],[121.8153215,14.2729935],[121.8170753,14.2745255],[121.8181913,14.2746994],[121.818801,14.2743872],[121.818947,14.2738771],[121.8188102,14.2731216],[121.8184466,14.2721819],[121.8179088,14.2711746],[121.8175606,14.269948],[121.8174424,14.2688479],[121.8175048,14.2677001],[121.8178094,14.2664507],[121.8184252,14.2638366],[121.819081,14.2615686],[121.8192677,14.2603129],[121.8196656,14.2584345],[121.8192794,14.2524266],[121.8201775,14.2500569],[121.821256,14.2487322],[121.8220611,14.2480842],[121.8227824,14.2478922],[121.8231368,14.2479109],[121.8243523,14.2484367],[121.825313,14.2492935],[121.8264666,14.2509659],[121.8273837,14.252627],[121.8285157,14.2547017],[121.8294794,14.2565947],[121.8305272,14.2580315],[121.8320258,14.2598955],[121.8333533,14.2616354],[121.8341492,14.2633457],[121.8349982,14.2662686],[121.8352936,14.2684714],[121.8355425,14.2704411],[121.8358531,14.271263],[121.836506,14.2723329],[121.8377091,14.2741807],[121.8401431,14.2784516],[121.8428503,14.2820458],[121.8436648,14.2834126],[121.8451319,14.2847554],[121.8464776,14.2861496],[121.8501823,14.2931894],[121.8522457,14.2977263],[121.8526528,14.2989543],[121.8526215,14.2995282],[121.8522392,14.3000258],[121.8518664,14.3003506],[121.8503525,14.3009614],[121.8461346,14.3011986],[121.8459574,14.3011899],[121.8433276,14.300533],[121.8405672,14.3001003],[121.8390904,14.3000219],[121.838251,14.3002076],[121.8363637,14.3011431],[121.8332323,14.3031618],[121.8315749,14.3042238],[121.8296905,14.3051016],[121.8288508,14.3052873],[121.8279332,14.3058139],[121.8270001,14.3066274],[121.8260921,14.3069811],[121.8251994,14.307049],[121.8242541,14.3069992],[121.8231567,14.3064807],[121.8220873,14.3054471],[121.820856,14.3041166],[121.8194944,14.3030092],[121.8177128,14.3019947],[121.8150074,14.3005292],[121.8120657,14.29905],[121.8092547,14.2973477],[121.8069132,14.295728],[121.8058686,14.2942345],[121.8057664,14.2928498],[121.8061558,14.2911443],[121.8069587,14.2894623],[121.8075596,14.2871353],[121.8084944,14.2808582],[121.8092698,14.2753183]]],[[[121.6507045,14.2017019],[121.6530691,14.1999661],[121.6553127,14.198295],[121.6576622,14.1965048],[121.6606836,14.194255],[121.6619648,14.1929356],[121.6650917,14.1901711],[121.6664326,14.1884362],[121.6673154,14.1870004],[121.6677249,14.185736],[121.6675232,14.1845812],[121.665855,14.1840137],[121.6642513,14.1845935],[121.6628278,14.1840804],[121.6618026,14.1836205],[121.6598914,14.183577],[121.6578715,14.1830007],[121.6573599,14.1804747],[121.6567604,14.1792747],[121.6557772,14.1774963],[121.6554667,14.1756561],[121.6541914,14.1732467],[121.6539877,14.1713517],[121.6527748,14.1694567],[121.6526917,14.1670461],[121.650593,14.1654422],[121.6493634,14.163033],[121.6476926,14.1614269],[121.6459874,14.1585043],[121.6440552,14.1562674],[121.6419554,14.154373],[121.6392847,14.1503047],[121.6372039,14.1498545],[121.6353142,14.1465793],[121.6324575,14.1416444],[121.6291024,14.1391914],[121.6263242,14.1349958],[121.6261018,14.133381],[121.6285505,14.1329272],[121.6318831,14.1326908],[121.6349688,14.1316405],[121.6380552,14.1308897],[121.6403611,14.1300202],[121.6419033,14.1292075],[121.645113,14.1287985],[121.647421,14.1286792],[121.6515335,14.1284311],[121.6544382,14.1282576],[121.6565782,14.128021],[121.6596658,14.1278382],[121.6631804,14.1272566],[121.6657331,14.1268391],[121.668224,14.1263761],[121.6704863,14.1262575],[121.6725652,14.1260747],[121.6752396,14.1256657],[121.6765384,14.1253214],[121.6798703,14.1248493],[121.6856939,14.1242563],[121.6892983,14.1228081],[121.6917277,14.1220564],[121.6951199,14.1211866],[121.6987247,14.1197926],[121.7025296,14.1190391],[121.7054943,14.1185126],[121.707266,14.1177617],[121.7110094,14.1167196],[121.7147961,14.1148098],[121.7170389,14.1131381],[121.7188082,14.1113486],[121.7206832,14.1093878],[121.7225745,14.1076611],[121.7248017,14.1057632],[121.7256861,14.1048955],[121.7269828,14.1038018],[121.729906,14.0990769],[121.7317809,14.0968901],[121.7347424,14.0952163],[121.7359179,14.0944021],[121.73738,14.0922707],[121.7399289,14.0905969],[121.741287,14.0896209],[121.7438008,14.0862237],[121.7455719,14.0853549],[121.7469294,14.0842059],[121.7484095,14.0830486],[121.7492337,14.0825331],[121.7506373,14.0813222],[121.7527761,14.0805603],[121.7545459,14.0791773],[121.7563179,14.0784892],[121.757263,14.0773958],[121.7586808,14.076003],[121.7607429,14.0752519],[121.7627579,14.0740396],[121.7645292,14.0730079],[121.7656416,14.0715073],[121.7675354,14.0708096],[121.7690784,14.0703474],[121.7702072,14.0693079],[121.7715656,14.0684391],[121.7733188,14.0665416],[121.7752721,14.0651571],[121.7759115,14.064001],[121.7770227,14.0622212],[121.7786521,14.0597999],[121.7797186,14.0584165],[121.7804026,14.0567554],[121.7811621,14.0550292],[121.7816766,14.0530158],[121.78207,14.0515172],[121.7824007,14.0495571],[121.782747,14.0474356],[121.7828514,14.0465682],[121.7822359,14.0451436],[121.7819263,14.0438165],[121.7819072,14.0424988],[121.7810643,14.0416335],[121.7804657,14.0409479],[121.7796227,14.0402001],[121.7782461,14.0400937],[121.7777079,14.039057],[121.7767435,14.0386069],[121.7749335,14.0366496],[121.7768247,14.0346975],[121.7781827,14.033658],[121.7801201,14.0321027],[121.7822404,14.0303663],[121.7833531,14.0289289],[121.7855957,14.0271389],[121.7867255,14.026505],[121.7880676,14.025176],[121.7888455,14.0245426],[121.7919147,14.0228685],[121.7927378,14.0221178],[121.7946304,14.0207339],[121.7964,14.019233],[121.8156624,14.0012587],[121.8153994,14.0035785],[121.815397,14.0036011],[121.8254608,14.0247286],[121.8550894,14.0665409],[121.8547278,14.0667867],[121.8514121,14.0691565],[121.8472792,14.0713076],[121.8423561,14.0727237],[121.8369159,14.0749791],[121.8293438,14.0783924],[121.8246587,14.0820163],[121.8207158,14.086142],[121.8162541,14.0888514],[121.8126275,14.0914326],[121.8093684,14.0948993],[121.8069214,14.0975427],[121.803659,14.1011562],[121.8033391,14.1015117],[121.8003873,14.1036068],[121.7996106,14.1037385],[121.7992035,14.1036009],[121.7983771,14.1035572],[121.7981409,14.1035447],[121.7974082,14.1039671],[121.7970267,14.1044669],[121.7968193,14.1050331],[121.7960775,14.1056295],[121.7942455,14.106687],[121.7905969,14.1085129],[121.7852664,14.113022],[121.7798668,14.1176989],[121.7748887,14.1222253],[121.7724221,14.1240558],[121.7713722,14.1248663],[121.7707193,14.1248889],[121.7704951,14.124646],[121.7705257,14.1240698],[121.7705715,14.1232056],[121.7703688,14.1225593],[121.770313,14.1224991],[121.7700175,14.1224829],[121.7694147,14.1226821],[121.7684889,14.1233825],[121.7678522,14.1242143],[121.7675855,14.124778],[121.7674153,14.12575],[121.7675621,14.126335],[121.7679022,14.1277402],[121.7679245,14.1284341],[121.7668846,14.1301679],[121.7641168,14.1331945],[121.7618395,14.1359005],[121.7588963,14.1377622],[121.7557222,14.1394962],[121.7539632,14.141364],[121.7526526,14.1437178],[121.7513168,14.1465313],[121.7499059,14.148532],[121.7463806,14.1523816],[121.7423485,14.1579336],[121.7386802,14.1644276],[121.7363857,14.1696112],[121.7341057,14.1734095],[121.7325565,14.1746523],[121.7321671,14.17417],[121.7351367,14.1663706],[121.7355903,14.1645492],[121.7354906,14.1641973],[121.7349525,14.1642837],[121.7339169,14.1659009],[121.7332078,14.1669582],[121.7321377,14.1681119],[121.7307939,14.1699422],[121.7300567,14.171518],[121.7290523,14.1747512],[121.7283776,14.177367],[121.7284898,14.1785846],[121.7291992,14.1786233],[121.7297564,14.1781924],[121.7305559,14.1776587],[121.7312811,14.1774095],[121.731807,14.1775535],[121.7322025,14.1779206],[121.7330242,14.1791758],[121.7330619,14.1806778],[121.7328882,14.1838973],[121.7330765,14.1852294],[121.7332743,14.1866283],[121.7339999,14.1896661],[121.7348155,14.1910366],[121.7353633,14.1918734],[121.7379092,14.1930485],[121.7396954,14.1940105],[121.7413199,14.1946744],[121.7438563,14.1960222],[121.7454996,14.1974366],[121.7469468,14.1991866],[121.7484124,14.2016859],[121.7495018,14.2034747],[121.7501397,14.2037391],[121.7509767,14.2036112],[121.7515865,14.203298],[121.7521373,14.2029822],[121.75261,14.2030084],[121.7530676,14.2033204],[121.7535,14.2040933],[121.7536279,14.2050229],[121.7536466,14.2057721],[121.7535724,14.2093414],[121.7533264,14.2116905],[121.7531585,14.2147937],[121.7531523,14.2170977],[121.7541481,14.2217031],[121.755741,14.2251297],[121.7569204,14.2274399],[121.7577197,14.230191],[121.7581148,14.2316519],[121.758463,14.2339747],[121.7586775,14.2354832],[121.7589262,14.2374541],[121.7587546,14.2406127],[121.757929,14.2448865],[121.7569044,14.2484588],[121.7551543,14.2511853],[121.7545754,14.2520174],[121.753059,14.2537203],[121.7510664,14.2554557],[121.7481116,14.2574256],[121.7466452,14.25821],[121.7436655,14.2595458],[121.7412896,14.2606836],[121.7401217,14.2614266],[121.7383212,14.2628838],[121.7359193,14.265574],[121.7332672,14.2695736],[121.7309852,14.2733051],[121.7298534,14.2755454],[121.729553,14.2777733],[121.7294014,14.2805262],[121.7297634,14.2836525],[121.7314079,14.2915056],[121.7326872,14.2995104],[121.7327508,14.3048035],[121.7326398,14.3100291],[121.7323618,14.3139814],[121.7315044,14.3176707],[121.7299704,14.3217835],[121.7289363,14.3243713],[121.7264855,14.3289504],[121.7232308,14.3330256],[121.719117,14.3386624],[121.7137712,14.344003],[121.7074868,14.3512424],[121.7053778,14.3535406],[121.7014133,14.3578613],[121.6958506,14.3638173],[121.6886616,14.3701415],[121.6838404,14.3734379],[121.6799076,14.3767822],[121.6742229,14.3806035],[121.6682476,14.3842942],[121.6636996,14.3869138],[121.6618647,14.3899113],[121.6603259,14.3929252],[121.6590315,14.3968704],[121.6578177,14.4035719],[121.6578013,14.4090769],[121.6573196,14.4185679],[121.6570625,14.4251472],[121.6564412,14.4276928],[121.6558158,14.4292632],[121.6552696,14.430494],[121.6543777,14.4325657],[121.6529393,14.4358682],[121.6511748,14.4406999],[121.6503932,14.4450931],[121.6477342,14.4424044],[121.644258,14.440232],[121.6427738,14.4397183],[121.6410459,14.4394847],[121.6380446,14.4377171],[121.6362544,14.4371497],[121.6334979,14.4352016],[121.6316452,14.4342281],[121.6296712,14.4333093],[121.6268367,14.4308465],[121.625229,14.4299366],[121.6245088,14.4293584],[121.6216297,14.4271857],[121.6197787,14.4269071],[121.6178034,14.4255905],[121.6145123,14.4239848],[121.61332,14.4238772],[121.6109141,14.4218123],[121.6081586,14.4202707],[121.6047449,14.4185568],[121.6018027,14.4156886],[121.5992926,14.4145528],[121.59709,14.4140392],[121.5949746,14.4118561],[121.59335,14.4102498],[121.5924434,14.4083643],[121.5918693,14.4048525],[121.5909469,14.4029035],[121.5903908,14.4005477],[121.5902113,14.3958993],[121.590847,14.3933721],[121.5918795,14.390375],[121.5929909,14.3884788],[121.5949276,14.3865186],[121.5958109,14.3851375],[121.5975189,14.3834674],[121.5993951,14.3816243],[121.6010414,14.3796646],[121.6026454,14.3791498],[121.6044175,14.3786247],[121.6107569,14.3764824],[121.6133702,14.3760107],[121.6165002,14.3743398],[121.618991,14.3736967],[121.6223643,14.3716193],[121.6254117,14.3674189],[121.6269965,14.3651796],[121.6292659,14.3617216],[121.6301928,14.3594818],[121.6314694,14.3565479],[121.6327473,14.3539022],[121.6332602,14.3510849],[121.6338383,14.3498758],[121.6339404,14.3480877],[121.634149,14.3457951],[121.6344178,14.3433764],[121.6353887,14.3402701],[121.6353076,14.338203],[121.6362339,14.3358468],[121.6366421,14.3341226],[121.6379218,14.3321627],[121.6377582,14.3279742],[121.6380084,14.3240661],[121.6389802,14.321249],[121.6391842,14.3173949],[121.6396376,14.3153817],[121.6395582,14.3141812],[121.6404838,14.3115266],[121.641024,14.3074461],[121.6418873,14.3041686],[121.643227,14.3018745],[121.6442135,14.2990485],[121.6447744,14.2971523],[121.6454105,14.2947424],[121.6463606,14.2895692],[121.6469816,14.2874383],[121.6471869,14.2838191],[121.6471487,14.2809488],[121.647641,14.2761189],[121.647829,14.2720386],[121.6476069,14.2688791],[121.6491082,14.2641034],[121.6497306,14.2622075],[121.6499543,14.2601941],[121.6505745,14.2576032],[121.6507378,14.255707],[121.6513385,14.2515725],[121.6512393,14.2485222],[121.6510771,14.2449111],[121.6514471,14.2402533],[121.651695,14.2357665],[121.6522351,14.2315786],[121.6523966,14.2290416],[121.6522549,14.2275527],[121.6525249,14.2254853],[121.6522974,14.2204297],[121.6514587,14.2152588],[121.6512948,14.2110613],[121.651748,14.209048],[121.6508036,14.2046257],[121.6507045,14.2017019]]]]},"properties":{"FID":19,"MUNCODE":166020,"COUNT":2,"AREA":420470799.697,"PERIMETER":158055.883,"HECTARES":42047.0799697,"REGION":"IV","DIST_CODE":"FIRST","PROVINCE":"QUEZON","MUNICIPALI":"MAUBAN","NEWFIELD1":" ","area_sqm":0}},{"type":"Feature","id":20,"geometry":{"type":"Polygon","coordinates":[[[122.446841,13.4507323],[122.4468412,13.4507324],[122.4472291,13.4492526],[122.4480996,13.4474642],[122.4499177,13.4445804],[122.4524965,13.4417931],[122.4555589,13.4388035],[122.4579026,13.4360044],[122.462413,13.4314308],[122.4665231,13.4286682],[122.4698405,13.4253488],[122.4724285,13.4234238],[122.4849043,13.4389251],[122.5031573,13.4551392],[122.5214101,13.4632458],[122.5391585,13.4690309],[122.5011291,13.5341809],[122.4869321,13.554447],[122.4686792,13.5666076],[122.4524545,13.5807943],[122.4463703,13.5929547],[122.444342,13.6071415],[122.4321736,13.6233555],[122.4118925,13.635516],[122.4017522,13.6456492],[122.3956676,13.6679428],[122.3875551,13.6902369],[122.385527,13.700371],[122.365246,13.7267171],[122.3429376,13.7500236],[122.3331926,13.5801582],[122.3367147,13.5763192],[122.3372716,13.5748525],[122.3377763,13.5732693],[122.3379992,13.5724753],[122.3381534,13.5718507],[122.3383043,13.5712837],[122.3382538,13.5701308],[122.3380633,13.5694465],[122.3379129,13.5689047],[122.3367701,13.56729],[122.3355485,13.5660175],[122.3343757,13.5649192],[122.3329749,13.5636937],[122.3323789,13.5627992],[122.3318689,13.5614495],[122.3319626,13.5598437],[122.3334685,13.5562434],[122.3373447,13.5534033],[122.3391209,13.5522337],[122.3440639,13.5492788],[122.3448507,13.5489181],[122.3481,13.546735],[122.3497,13.5455559],[122.3513289,13.5448955],[122.354295,13.544537],[122.3548696,13.5445464],[122.3548696,13.5445463],[122.3589441,13.5446123],[122.3594198,13.5446669],[122.3594194,13.5446677],[122.3626893,13.5450423],[122.3648036,13.545155],[122.3668237,13.5448606],[122.369733,13.5434631],[122.372565,13.5413725],[122.3758247,13.5390174],[122.3823358,13.5334457],[122.3861156,13.5302564],[122.3873992,13.5294627],[122.3887904,13.5288479],[122.389975,13.5287378],[122.3911499,13.5288005],[122.3915677,13.5287077],[122.3923716,13.5280609],[122.3930522,13.5264893],[122.3946542,13.5242756],[122.3958758,13.5235372],[122.397215,13.5228035],[122.3983678,13.5222332],[122.3994719,13.5214876],[122.4004817,13.520335],[122.4018356,13.5183399],[122.4036113,13.5151603],[122.4050638,13.5124806],[122.40578,13.5113125],[122.406075,13.5102948],[122.4061317,13.5093218],[122.4057684,13.5074651],[122.4052774,13.5057742],[122.4051491,13.5039305],[122.4055241,13.5015387],[122.4068037,13.4987941],[122.4088668,13.4957462],[122.4102691,13.4939264],[122.4116962,13.4906735],[122.4132073,13.4879995],[122.4151229,13.4854609],[122.4175187,13.4827765],[122.4207614,13.4787027],[122.4236015,13.4754688],[122.4243432,13.4748771],[122.4249539,13.4745078],[122.4258584,13.474155],[122.4268252,13.4737469],[122.4276188,13.4732729],[122.4286034,13.471547],[122.4299973,13.4688669],[122.431842,13.4655244],[122.4343952,13.4621609],[122.4384218,13.4577868],[122.4398332,13.4568293],[122.441548,13.4557164],[122.4437301,13.4546859],[122.4454085,13.4542014],[122.4463199,13.4537332],[122.446474,13.4531108],[122.4465471,13.4518529],[122.446841,13.4507323]]]},"properties":{"FID":20,"MUNCODE":166021,"COUNT":1,"AREA":314902299.631,"PERIMETER":92114.576,"HECTARES":31490.2299631,"REGION":"IV","DIST_CODE":"THIRD","PROVINCE":"QUEZON","MUNICIPALI":"MULANAY","NEWFIELD1":" ","area_sqm":0}},{"type":"Feature","id":21,"geometry":{"type":"MultiPolygon","coordinates":[[[[121.768158,13.9034378],[121.7694879,13.9043859],[121.7698449,13.9046397],[121.7711059,13.9051195],[121.7721812,13.9057634],[121.7728678,13.9070245],[121.7731973,13.9083811],[121.7736061,13.9093934],[121.7743377,13.9099011],[121.7756539,13.9104422],[121.7783343,13.9107133],[121.7815063,13.9106048],[121.7831871,13.9099454],[121.7836889,13.9093919],[121.7843287,13.908499],[121.7846399,13.9078338],[121.7853362,13.9063468],[121.785454,13.9023979],[121.7849217,13.9014957],[121.783688,13.9005517],[121.7829529,13.9001028],[121.78196,13.8990571],[121.7811084,13.8966244],[121.7806556,13.894388],[121.7804847,13.8913553],[121.7802278,13.8887821],[121.7796547,13.8865982],[121.7781059,13.8840671],[121.7762889,13.882102],[121.776073,13.8808104],[121.7770732,13.8797633],[121.7784407,13.8794357],[121.7790249,13.8794691],[121.7804471,13.8801904],[121.7819831,13.8809767],[121.7837076,13.8815412],[121.7847593,13.8816018],[121.7855841,13.8815336],[121.7866837,13.8817707],[121.7883845,13.8827408],[121.7893189,13.8837828],[121.7906999,13.8851988],[121.7923799,13.8875045],[121.7934963,13.8894288],[121.7940424,13.8910881],[121.7943995,13.8919815],[121.7951792,13.8936533],[121.7961893,13.8953974],[121.7965454,13.8960014],[121.7965455,13.8960011],[121.7974676,13.8975643],[121.7980617,13.8994013],[121.798412,13.9013987],[121.7983186,13.9029633],[121.7979611,13.9040475],[121.7974109,13.905411],[121.7970086,13.9062611],[121.795712,13.9083385],[121.7941098,13.9106302],[121.7929065,13.9121317],[121.791755,13.9127645],[121.7903319,13.9130309],[121.7888058,13.9130595],[121.7866781,13.913345],[121.7856504,13.9138676],[121.7846053,13.9146805],[121.7840655,13.9158711],[121.7842024,13.917507],[121.7847174,13.9196894],[121.7852672,13.9212922],[121.7861326,13.9234944],[121.7867371,13.9251586],[121.7876028,13.9273608],[121.7879083,13.9291241],[121.7880077,13.9304094],[121.78776,13.9326072],[121.7865184,13.9357369],[121.7861916,13.937289],[121.7857685,13.938487],[121.7847268,13.9392423],[121.7824134,13.9396918],[121.7803751,13.9394579],[121.7789692,13.9394361],[121.7776563,13.9398262],[121.776154,13.9404379],[121.7741294,13.9409622],[121.7709846,13.9415961],[121.7682969,13.9414424],[121.7657263,13.9412938],[121.7610145,13.942653],[121.7568797,13.9441608],[121.75345,13.9456518],[121.7523986,13.9455911],[121.7519726,13.944868],[121.7510483,13.9446406],[121.7504882,13.9451903],[121.7492025,13.9461058],[121.7485051,13.9460073],[121.7479147,13.9451002],[121.7472275,13.9448278],[121.7466192,13.9451998],[121.745657,13.9456107],[121.7446333,13.9450856],[121.7444445,13.9443173],[121.7444726,13.9428632],[121.7446417,13.9410108],[121.7451511,13.9393512],[121.7457493,13.9381632],[121.7475507,13.9354729],[121.7488057,13.9331007],[121.7494732,13.9307525],[121.7495425,13.9295924],[121.7483932,13.9252777],[121.7477067,13.9240165],[121.7467964,13.9235564],[121.7447593,13.9233222],[121.7426637,13.9230842],[121.7407639,13.9234982],[121.7392656,13.9240521],[121.737981,13.9239776],[121.7375348,13.9236024],[121.7372604,13.922306],[121.7375634,13.9211594],[121.7382647,13.9202105],[121.7394983,13.9191761],[121.740536,13.9184797],[121.7414502,13.9178935],[121.7416049,13.9172615],[121.7417949,13.9150623],[121.7421979,13.9132236],[121.7421571,13.9119408],[121.7418553,13.9111087],[121.7411962,13.9103719],[121.740949,13.9096011],[121.7412452,13.908572],[121.7418087,13.9079647],[121.7420255,13.9072788],[121.7418301,13.906628],[121.7414594,13.9059662],[121.741271,13.9051991],[121.7413193,13.9043868],[121.7412267,13.903975],[121.7405644,13.9032959],[121.740448,13.9023009],[121.740668,13.9015573],[121.7413555,13.900841],[121.7417543,13.9000498],[121.741456,13.8991601],[121.7408074,13.8982494],[121.7399937,13.8971558],[121.7390671,13.8959973],[121.7388856,13.8951138],[121.7389133,13.8946506],[121.7394183,13.8940397],[121.7403978,13.8933407],[121.7428062,13.8922593],[121.7446683,13.8914948],[121.7460667,13.8906454],[121.7466031,13.8895136],[121.7466479,13.8887601],[121.7464976,13.8873559],[121.7465983,13.8856749],[121.74699,13.885],[121.7476705,13.8844001],[121.74821,13.8841983],[121.7494944,13.8842727],[121.7509371,13.8846474],[121.7521078,13.8856455],[121.7542736,13.8896082],[121.7555332,13.8920657],[121.756443,13.8935133],[121.7578956,13.8947027],[121.7600664,13.8956426],[121.7622135,13.8959993],[121.7633783,13.896125],[121.7646284,13.8967788],[121.7653876,13.897811],[121.766194,13.9000096],[121.7670145,13.9019755],[121.768158,13.9034378]]],[[[121.7749335,14.0366496],[121.7737397,14.0362006],[121.7720113,14.0360856],[121.7711252,14.0363761],[121.7701157,14.036206],[121.7683865,14.0358107],[121.7670716,14.035813],[121.7649941,14.0363934],[121.7638172,14.0366835],[121.7628546,14.036865],[121.7615561,14.0373273],[121.7602578,14.0379614],[121.7593103,14.0381972],[121.7583026,14.038713],[121.7568216,14.039293],[121.7558126,14.0394652],[121.7549277,14.0401624],[121.7529093,14.0401102],[121.7505884,14.0413231],[121.7487547,14.0419035],[121.7466163,14.0425377],[121.7452556,14.0427205],[121.7440804,14.0435257],[121.7430739,14.0445013],[121.7421865,14.04416],[121.7412402,14.0449732],[121.7395748,14.0451464],[121.7367159,14.0454479],[121.7349433,14.0457935],[121.7332777,14.046256],[121.7306646,14.0468999],[121.7291213,14.0471912],[121.7264026,14.0482866],[121.7234835,14.0486418],[121.7217106,14.0488788],[121.7192634,14.0487732],[121.7151702,14.0503312],[121.7130461,14.0509109],[121.7113202,14.0515537],[121.7101437,14.0517892],[121.7087064,14.0517917],[121.7069948,14.052082],[121.7056803,14.0523722],[121.7035404,14.0526636],[121.7014019,14.0532442],[121.7001626,14.0529652],[121.6980676,14.0527957],[121.6956991,14.0535479],[121.6941378,14.0528095],[121.6914787,14.0532731],[121.6881908,14.0531141],[121.6855142,14.0528362],[121.6845045,14.0524951],[121.6809241,14.0515863],[121.6796082,14.0513532],[121.6779399,14.0506152],[121.6767469,14.0503906],[121.6753677,14.0492994],[121.6739893,14.048615],[121.6718736,14.0463242],[121.6700225,14.0459829],[121.6683528,14.0448381],[121.6654117,14.0428365],[121.6631907,14.0415214],[121.660004,14.0391772],[121.6585176,14.0380322],[121.656526,14.0365443],[121.6552696,14.0354536],[121.6535856,14.0346601],[121.6529855,14.0332804],[121.6521423,14.0325311],[121.6511148,14.0315039],[121.650148,14.0301866],[121.6484623,14.0287523],[121.6474512,14.0278958],[121.6460552,14.0263444],[121.6451051,14.0255425],[121.6437099,14.024225],[121.6423926,14.0234233],[121.6410133,14.0221071],[121.6399877,14.0216561],[121.6390196,14.0199331],[121.6375787,14.0186165],[121.6358307,14.0167852],[121.633425,14.0147738],[121.6307284,14.0129439],[121.6291205,14.0120342],[121.614579,13.9858428],[121.6201085,13.9819454],[121.6246917,13.9780708],[121.6296364,13.9784806],[121.6377051,13.9895059],[121.6406383,13.9885144],[121.6395624,13.978376],[121.6464861,13.9735468],[121.6488318,13.9709767],[121.6481723,13.9607965],[121.6517995,13.9571759],[121.6970564,13.9224063],[121.6986538,13.9242533],[121.6991513,13.9247486],[121.6998995,13.9249662],[121.7008336,13.9250209],[121.7014174,13.9250556],[121.7021039,13.9253282],[121.702416,13.9259864],[121.7022782,13.9263281],[121.7016425,13.9271643],[121.7017619,13.9281028],[121.7025377,13.928846],[121.7026607,13.9297269],[121.7024507,13.9302964],[121.7008191,13.931133],[121.6991604,13.9314439],[121.6980513,13.9313792],[121.6975496,13.9319325],[121.697476,13.9327389],[121.6973801,13.9337859],[121.6974957,13.9357719],[121.697165,13.9373838],[121.6962094,13.9386669],[121.6955076,13.9406067],[121.6952318,13.9422788],[121.6954606,13.9443309],[121.6958813,13.9470926],[121.6958324,13.947906],[121.6950354,13.9484995],[121.6945018,13.9487056],[121.6922775,13.9495627],[121.6901415,13.9500201],[121.6889253,13.950765],[121.6883957,13.9517825],[121.6883334,13.9528274],[121.6887002,13.9535481],[121.6892971,13.95434],[121.6905467,13.9549954],[121.6917925,13.9557095],[121.6928044,13.9573986],[121.6934143,13.9599398],[121.6938286,13.961828],[121.6944114,13.9628527],[121.6952283,13.963891],[121.6960585,13.9644028],[121.6965843,13.9647277],[121.6978582,13.9649763],[121.6993282,13.964887],[121.7002386,13.9643574],[121.7012658,13.9638341],[121.7024578,13.9634958],[121.7039172,13.9635804],[121.7047724,13.9639793],[121.7053007,13.9649426],[121.7055331,13.9669372],[121.7054568,13.9682137],[121.7058441,13.9695763],[121.7069566,13.9705732],[121.7086325,13.9709618],[121.7107652,13.9715517],[121.7134511,13.9717072],[121.7156911,13.9714874],[121.717426,13.9708886],[121.7192952,13.9700069],[121.7211368,13.9695883],[121.7260255,13.9691721],[121.7309183,13.9686972],[121.733928,13.9683467],[121.7364738,13.9689013],[121.7382535,13.9695286],[121.7391637,13.9699887],[121.7405484,13.9703598],[121.741531,13.970592],[121.7436445,13.9705385],[121.7457716,13.9702535],[121.7473041,13.9701088],[121.748624,13.9696015],[121.7501607,13.9684082],[121.7507967,13.9675718],[121.7523677,13.9657979],[121.7532681,13.965442],[121.754519,13.965106],[121.7558216,13.9648901],[121.7571071,13.9639734],[121.7590152,13.962452],[121.7610055,13.9605287],[121.7647087,13.9544522],[121.7678614,13.9507312],[121.7713883,13.9486054],[121.7749598,13.9467148],[121.7777409,13.9453027],[121.7788341,13.9446663],[121.7799375,13.9438571],[121.78056,13.9432523],[121.7811031,13.9429928],[121.781591,13.942671],[121.7824198,13.942544],[121.7830004,13.9426351],[121.7833372,13.9428876],[121.7835537,13.9431915],[121.7837735,13.9444266],[121.7837735,13.9454154],[121.7844399,13.9470256],[121.7857151,13.9482626],[121.7864646,13.9484811],[121.7872242,13.9485244],[121.7886441,13.9483145],[121.7899059,13.9478044],[121.7908683,13.9473933],[121.7918035,13.9474477],[121.7926597,13.9478452],[121.7935085,13.9483601],[121.7941444,13.9485125],[121.7953135,13.9485793],[121.7970359,13.9482126],[121.797586,13.9478368],[121.7982532,13.9474672],[121.7989478,13.9476231],[121.7995735,13.9479494],[121.7997382,13.9481344],[121.8012442,13.9484526],[121.8023307,13.9479325],[121.8033039,13.9473485],[121.8040191,13.9471566],[121.8046622,13.9471925],[121.8051786,13.9472866],[121.8052695,13.9474463],[121.8064451,13.9491031],[121.8086709,13.9510848],[121.8122772,13.9524799],[121.8187302,13.9550709],[121.8217116,13.957368],[121.8259825,13.9629982],[121.8286677,13.9699587],[121.8297556,13.9754785],[121.8313792,13.9793443],[121.8358094,13.9847254],[121.8156639,14.001244],[121.8156624,14.0012587],[121.7964,14.019233],[121.7946304,14.0207339],[121.7927378,14.0221178],[121.7919147,14.0228685],[121.7888455,14.0245426],[121.7880676,14.025176],[121.7867255,14.026505],[121.7855957,14.0271389],[121.7833531,14.0289289],[121.7822404,14.0303663],[121.7801201,14.0321027],[121.7781827,14.033658],[121.7768247,14.0346975],[121.7749335,14.0366496]]]]},"properties":{"FID":21,"MUNCODE":166023,"COUNT":2,"AREA":214297942.123,"PERIMETER":101930.698,"HECTARES":21429.7942123,"REGION":"IV","DIST_CODE":"FIRST","PROVINCE":"QUEZON","MUNICIPALI":"PAGBILAO","NEWFIELD1":" ","area_sqm":0}},{"type":"Feature","id":22,"geometry":{"type":"Polygon","coordinates":[[[121.8510893,14.9242978],[121.8514565,14.9240307],[121.8514564,14.9240307],[121.8519607,14.9236638],[121.8524627,14.9232369],[121.8528178,14.9222929],[121.8528833,14.9212209],[121.8528752,14.9194084],[121.8526749,14.9168503],[121.8525929,14.9142973],[121.8528529,14.9119889],[121.8537951,14.9082433],[121.8547071,14.9059687],[121.8553963,14.9044185],[121.8563395,14.9025983],[121.8582587,14.900375],[121.8629906,14.8939363],[121.8676103,14.8883398],[121.8697817,14.8848815],[121.8715286,14.8825352],[121.8739056,14.8766507],[121.8761271,14.8693959],[121.8766413,14.8656649],[121.876973,14.8632597],[121.8784231,14.8566869],[121.8792617,14.8528864],[121.8798111,14.850993],[121.9178768,14.842966],[121.9235842,14.859502],[121.924384,14.8616855],[121.9249381,14.8634622],[121.925799,14.8658708],[121.9263521,14.8669085],[121.9276264,14.8692626],[121.9284087,14.870525],[121.9293309,14.8728786],[121.9316334,14.8770093],[121.9328468,14.8793631],[121.9341202,14.8814278],[121.9354559,14.8840703],[121.93693,14.8870558],[121.937608,14.889528],[121.9384274,14.8939501],[121.9397635,14.89671],[121.9402725,14.8988843],[121.9413185,14.9020508],[121.9419348,14.9040538],[121.9419531,14.9057771],[121.9422795,14.9083674],[121.9425452,14.9111202],[121.9428109,14.9138277],[121.9430943,14.9179083],[121.9435886,14.9204339],[121.9439311,14.923422],[121.9444877,14.9264632],[121.9450585,14.9292783],[121.9456752,14.9315785],[121.9465981,14.9342766],[121.9471689,14.936694],[121.9477256,14.9397352],[121.9495078,14.9439842],[121.9499564,14.9466282],[121.9522408,14.9494399],[121.9531011,14.9515604],[121.9533656,14.9536894],[121.9545784,14.9561606],[121.9565108,14.9588565],[121.9578466,14.9614989],[121.9595498,14.9643125],[121.9601648,14.9660261],[121.9609035,14.9684442],[121.9616425,14.9709697],[121.9625666,14.974417],[121.9631991,14.9772313],[121.9642022,14.9818248],[121.9644509,14.9839549],[121.9653284,14.9867691],[121.9664196,14.98952],[121.9666214,14.9911899],[121.9675452,14.9942936],[121.9678715,14.9970455],[121.9685044,15.000096],[121.9686472,15.0027408],[121.96914,15.004464],[121.9690975,15.0061249],[121.9692984,15.0075056],[121.9693182,15.0098617],[121.969521,15.0119915],[121.9694794,15.0140592],[121.9696373,15.0165324],[121.9692441,15.0188889],[121.969342,15.0221652],[121.9693618,15.0245213],[121.9693357,15.027049],[121.9695845,15.0291157],[121.9701542,15.0312992],[121.9704814,15.0341143],[121.9707902,15.0358378],[121.9710985,15.0373274],[121.9711169,15.0389434],[121.9713856,15.042199],[121.9705541,15.0417376],[121.9700774,15.0419106],[121.9695395,15.0425432],[121.9688799,15.0438679],[121.9688168,15.044905],[121.9690522,15.0456541],[121.9697623,15.0467478],[121.9708926,15.0469213],[121.9711908,15.0467486],[121.971667,15.0467485],[121.9722604,15.0472099],[121.9729129,15.0478434],[121.9737431,15.0487071],[121.9739194,15.0492831],[121.9737388,15.0499162],[121.973021,15.050896],[121.9725413,15.0519323],[121.9721816,15.0526234],[121.971226,15.0536021],[121.9702118,15.0542349],[121.96878,15.0552137],[121.9680045,15.0557899],[121.9670508,15.0561347],[121.9657409,15.0563073],[121.9650266,15.0563074],[121.9640737,15.056537],[121.9630005,15.0571129],[121.9618076,15.0578035],[121.9609134,15.0582638],[121.960019,15.0587241],[121.9585888,15.0592419],[121.9570391,15.0598178],[121.9556091,15.060278],[121.9545373,15.0605081],[121.9521544,15.0611412],[121.9497121,15.0617152],[121.9470335,15.0618293],[121.9441791,15.0612522],[121.9427531,15.0606184],[121.9409998,15.0590859],[121.9409997,15.0590864],[121.9409732,15.0590632],[121.940144,15.0580265],[121.9399101,15.056874],[121.940569,15.0557222],[121.9412282,15.0544563],[121.9413531,15.0528433],[121.9411206,15.0513461],[121.9409469,15.050021],[121.941307,15.0492147],[121.9419032,15.0488695],[121.9422605,15.0488124],[121.9425601,15.0482363],[121.9422647,15.0477186],[121.9418493,15.047372],[121.9413141,15.0472565],[121.9403617,15.0473142],[121.9397068,15.0474287],[121.938813,15.0477171],[121.9380984,15.0478313],[121.9374441,15.047774],[121.9366129,15.0472549],[121.9357829,15.0463911],[121.93513,15.0459292],[121.9346547,15.0457564],[121.9344163,15.0458716],[121.9338777,15.0466782],[121.9338731,15.0478872],[121.9340479,15.0488666],[121.9348161,15.050364],[121.9364182,15.0516315],[121.9369492,15.0528995],[121.93742,15.0543391],[121.9375942,15.0554913],[121.9373596,15.0563865],[121.9373595,15.0563863],[121.9372925,15.0566425],[121.9365754,15.0573906],[121.9358586,15.0581398],[121.9356179,15.0588878],[121.9357927,15.0598672],[121.9361469,15.0606734],[121.936144,15.0614226],[121.9355458,15.0622853],[121.9348298,15.0628617],[121.9337565,15.0633787],[121.9324451,15.0639544],[121.9305997,15.0641265],[121.9294696,15.0639529],[121.9290547,15.0634345],[121.9291762,15.0628012],[121.9303707,15.0616497],[121.9309085,15.0610737],[121.9312074,15.0606706],[121.9313893,15.0597494],[121.9307985,15.0585974],[121.9302057,15.0579641],[121.9285442,15.0566963],[121.9257539,15.054909],[121.9248641,15.0541026],[121.923857,15.0529509],[121.9227884,15.0522588],[121.9213625,15.0516249],[121.9196999,15.0507028],[121.9187618,15.0507198],[121.9166647,15.0507584],[121.9150563,15.0512185],[121.9143409,15.0515631],[121.9137449,15.0517931],[121.9133283,15.0517933],[121.912674,15.0517348],[121.9116066,15.0508133],[121.9107179,15.0497762],[121.9104249,15.0485669],[121.9097169,15.0470109],[121.9091236,15.0464928],[121.9084105,15.0462611],[121.9068676,15.0451667],[121.9061575,15.0441293],[121.9044936,15.0435529],[121.9030672,15.0430907],[121.9018211,15.0422846],[121.9011694,15.0414781],[121.9002803,15.0406127],[121.8993894,15.0402095],[121.8984374,15.0402095],[121.8979019,15.0402091],[121.8973653,15.0404382],[121.8956383,15.0408411],[121.8947474,15.0404367],[121.8938553,15.0403217],[121.8933786,15.0404933],[121.8928431,15.040493],[121.8923703,15.0397438],[121.8924329,15.0389384],[121.8921391,15.0379584],[121.8917261,15.0370378],[121.8918498,15.0358858],[121.8918552,15.0345039],[121.8914438,15.0332363],[121.8915054,15.0326603],[121.8911515,15.0318541],[121.8906757,15.031854],[121.889067,15.0324281],[121.8882923,15.0327158],[121.8874,15.0327148],[121.8867463,15.0324845],[121.8860938,15.0319661],[121.8850832,15.0317351],[121.8843693,15.0317339],[121.883594,15.0321945],[121.8829966,15.0328277],[121.8828815,15.0332228],[121.8828814,15.0332226],[121.882695,15.0338635],[121.8823955,15.0343818],[121.8814408,15.0350721],[121.8809057,15.0349564],[121.8798361,15.0346099],[121.8787661,15.0343798],[121.877754,15.0345511],[121.8769194,15.0349537],[121.8763824,15.0352991],[121.8755487,15.0355289],[121.8750133,15.0355285],[121.874598,15.0351829],[121.8741839,15.0346069],[121.872644,15.0328772],[121.8710393,15.0324161],[121.870267,15.0321851],[121.8697909,15.0321839],[121.8688371,15.0326447],[121.8680621,15.0330465],[121.8669363,15.0319516],[121.8665824,15.0311453],[121.8655746,15.0302804],[121.8648626,15.0298192],[121.8643271,15.0298188],[121.863968,15.0303368],[121.8639656,15.030913],[121.863843,15.0318345],[121.8634845,15.0321796],[121.8628293,15.0323514],[121.8619388,15.0319481],[121.8612289,15.0309106],[121.8604576,15.0303915],[121.8599219,15.0304487],[121.8591457,15.0311397],[121.8587847,15.0321752],[121.8584128,15.0358028],[121.8579888,15.0376459],[121.8572099,15.0390273],[121.856253,15.0402349],[121.8543446,15.0413857],[121.8528547,15.0419601],[121.8517236,15.0421894],[121.8507136,15.0417855],[121.8498817,15.0415541],[121.8486911,15.0417255],[121.8479768,15.0417829],[121.8470254,15.041725],[121.8460151,15.0414362],[121.844529,15.0410886],[121.8432812,15.0407421],[121.8425689,15.0403385],[121.8420348,15.0400499],[121.84126,15.0403951],[121.8406627,15.0409129],[121.8401273,15.0409701],[121.8394147,15.0406229],[121.8386431,15.0401625],[121.8376363,15.0390669],[121.8360421,15.0361288],[121.8349793,15.0342273],[121.8338556,15.0326713],[121.8331485,15.031001],[121.8325589,15.0297912],[121.8319684,15.0287542],[121.8319726,15.0277181],[121.8320956,15.0267391],[121.8328136,15.0257608],[121.8339491,15.0245531],[121.8346059,15.0239203],[121.8352041,15.0231719],[121.8356856,15.0218479],[121.8355696,15.0210992],[121.8352745,15.0205802],[121.8354571,15.0196015],[121.8356394,15.0186804],[121.8357621,15.017759],[121.8355288,15.0167227],[121.8350556,15.0160887],[121.834641,15.0156278],[121.8340473,15.0153965],[121.8336911,15.0151664],[121.8336933,15.0146478],[121.8341723,15.0139576],[121.8348287,15.0134977],[121.8352465,15.0131518],[121.835605,15.0127491],[121.8351933,15.0116555],[121.8346586,15.0114821],[121.8341229,15.0115969],[121.8335859,15.011941],[121.8328093,15.0126896],[121.8320926,15.0134373],[121.8313151,15.0144152],[121.8307781,15.0147605],[121.8303616,15.0147606],[121.8298278,15.0144144],[121.8297128,15.0134929],[121.8300749,15.0122834],[121.8310962,15.0099237],[121.8311748,15.0095298],[121.8311748,15.0093106],[121.8310655,15.0089981],[121.8309247,15.0087002],[121.8306865,15.0083691],[121.8295575,15.0080796],[121.8286069,15.0077911],[121.8276845,15.0076736],[121.8276848,15.0076734],[121.8272395,15.0076169],[121.8263473,15.0076156],[121.8253951,15.0077305],[121.8246797,15.0081325],[121.8240239,15.0084771],[121.8233098,15.0085344],[121.8220027,15.0081876],[121.8210544,15.0073804],[121.8199322,15.0055938],[121.8198781,15.004328],[121.819765,15.0030031],[121.8196537,15.0012172],[121.8195399,15.0000663],[121.8192841,14.9990797],[121.8192454,14.9988252],[121.8190801,14.9977408],[121.8188026,14.9962139],[121.8185941,14.9949665],[121.817762,14.9934401],[121.8169991,14.9917051],[121.8157077,14.9893029],[121.8152315,14.9885004],[121.8143245,14.9868144],[121.8134488,14.98462],[121.8129117,14.9827268],[121.8126503,14.980226],[121.8129936,14.9780933],[121.8134263,14.975404],[121.8149904,14.972263],[121.8158458,14.9699895],[121.8161358,14.9681944],[121.8159963,14.9675654],[121.8156122,14.9670357],[121.8151585,14.9666729],[121.8144255,14.9660126],[121.8130191,14.9646946],[121.8116545,14.9626999],[121.8103352,14.9609348],[121.8077596,14.9544637],[121.8055535,14.9468228],[121.8032669,14.9404787],[121.8023483,14.93511],[121.8018384,14.9327627],[121.8017125,14.9309451],[121.8019844,14.9294313],[121.8029857,14.9276715],[121.8053059,14.925756],[121.8073929,14.924733],[121.8098598,14.9242961],[121.810994,14.9242421],[121.8119609,14.9249725],[121.81268,14.9258599],[121.8135421,14.9273197],[121.8142194,14.9288837],[121.8157662,14.9317957],[121.8168379,14.9337199],[121.8180769,14.9348597],[121.8198113,14.9356867],[121.8212943,14.9357644],[121.8237085,14.9352107],[121.825247,14.9343859],[121.8264122,14.9338246],[121.8273156,14.9336451],[121.8278424,14.9337856],[121.8282823,14.9343743],[121.8285445,14.9359169],[121.8286495,14.9371107],[121.8285661,14.9384651],[121.8282602,14.9424669],[121.8280618,14.9447202],[121.8273887,14.9469484],[121.8258226,14.9491856],[121.8241097,14.9509067],[121.8224105,14.9533646],[121.8216185,14.9555854],[121.8216535,14.9569449],[121.8218523,14.9575776],[121.8221386,14.9577621],[121.8229029,14.9579152],[121.8242848,14.9577042],[121.826804,14.9564223],[121.8280846,14.9559238],[121.8294592,14.9558257],[121.8305131,14.9561068],[121.8313365,14.9562625],[121.8323168,14.9558053],[121.83359,14.954457],[121.8349397,14.9518684],[121.835121,14.9508592],[121.8351872,14.9497883],[121.8346389,14.9480623],[121.8343283,14.9473105],[121.8340072,14.9457653],[121.8345047,14.9415475],[121.8359792,14.9378894],[121.8361185,14.9356244],[121.8361186,14.9356245],[121.8361562,14.9350123],[121.8365285,14.9328243],[121.838045,14.9304128],[121.8388748,14.9294938],[121.8398756,14.9286967],[121.8409809,14.9281316],[121.8430385,14.927559],[121.8449704,14.9270942],[121.8467698,14.9268479],[121.848314,14.9259087],[121.8492973,14.9253939],[121.8510893,14.9242978]]]},"properties":{"FID":22,"MUNCODE":166024,"COUNT":1,"AREA":264051048.978,"PERIMETER":88871.769,"HECTARES":26405.1048978,"REGION":"IV","DIST_CODE":"FIRST","PROVINCE":"QUEZON","MUNICIPALI":"PANUKULAN","NEWFIELD1":" ","area_sqm":0}},{"type":"Feature","id":23,"geometry":{"type":"MultiPolygon","coordinates":[[[[122.1517321,14.9256629],[122.1529689,14.9263138],[122.153685,14.9268346],[122.1536199,14.9285922],[122.1536199,14.9292432],[122.1529038,14.9314564],[122.1531642,14.9340603],[122.154401,14.9336697],[122.1553918,14.9339143],[122.1565492,14.9360783],[122.1593483,14.9377708],[122.1603248,14.9380312],[122.1609106,14.9398539],[122.1611059,14.9419369],[122.1630588,14.9434342],[122.165207,14.9453219],[122.165207,14.9485117],[122.1650117,14.9519618],[122.1646211,14.9537194],[122.1635145,14.9552817],[122.1626682,14.955477],[122.1620824,14.9552166],[122.1614965,14.9553468],[122.1607154,14.955477],[122.159804,14.9552817],[122.159088,14.9550864],[122.1579813,14.9548911],[122.1575907,14.9549562],[122.1571351,14.954826],[122.1566143,14.9552166],[122.1558982,14.955477],[122.1535548,14.9563232],[122.1513415,14.956193],[122.1502349,14.9545005],[122.1504952,14.9503344],[122.1502349,14.9477305],[122.1491282,14.9463635],[122.1475659,14.9450616],[122.1480216,14.9429134],[122.1497792,14.9421322],[122.1503,14.9404397],[122.149649,14.9397237],[122.148998,14.9389425],[122.1475008,14.9378359],[122.1464593,14.9337348],[122.1447668,14.9334744],[122.1407959,14.9336046],[122.1405355,14.9315215],[122.1431394,14.9302196],[122.1454177,14.9315866],[122.1465895,14.9319121],[122.1478914,14.9317168],[122.1493886,14.9295686],[122.1501047,14.928462],[122.1508207,14.9274205],[122.1517321,14.9256629]]],[[[122.2461986,14.8087816],[122.2486477,14.8086677],[122.252236,14.8107182],[122.2527486,14.8107751],[122.2550839,14.8107182],[122.2555965,14.8127686],[122.2553117,14.8156165],[122.2529195,14.8182934],[122.2495021,14.8219956],[122.2464264,14.82678],[122.2453442,14.8290013],[122.2450025,14.8296279],[122.2424394,14.8305392],[122.2409016,14.828147],[122.241756,14.8252991],[122.2425534,14.8234765],[122.2436355,14.8217109],[122.2442621,14.8200021],[122.2447177,14.81892],[122.2458569,14.8157873],[122.2459138,14.8126547],[122.2461986,14.810946],[122.2461416,14.8100347],[122.2461986,14.8087816]]],[[[122.2101633,14.8692718],[122.2108671,14.8693624],[122.2113776,14.8697269],[122.2116296,14.8704759],[122.2115968,14.8710408],[122.2115118,14.8714903],[122.2112533,14.8718747],[122.210746,14.8724742],[122.2103141,14.8727936],[122.2097676,14.8730517],[122.2091165,14.8730765],[122.2083637,14.872814],[122.2081347,14.8726889],[122.2078662,14.8722235],[122.2080331,14.8713811],[122.2089296,14.8701761],[122.2101633,14.8692718]]],[[[122.163894,14.877595],[122.165153,14.8785892],[122.1662397,14.882281],[122.1661114,14.883827],[122.1659426,14.8852936],[122.1641798,14.8877854],[122.1625044,14.8887309],[122.1615634,14.8895602],[122.1606659,14.8896759],[122.1593199,14.8897899],[122.1580987,14.8892699],[122.1579018,14.8874848],[122.1578262,14.885938],[122.1580746,14.8849872],[122.1582811,14.8843139],[122.1585689,14.8836805],[122.1588159,14.8830866],[122.1590635,14.8823341],[122.159165,14.8771794],[122.1602263,14.8768661],[122.162549,14.8771918],[122.1635271,14.8773144],[122.163894,14.877595]]],[[[122.2004234,14.840918],[122.1999174,14.840159],[122.1996645,14.8392104],[122.1994115,14.8384515],[122.1987158,14.836491],[122.1984629,14.8356056],[122.1980202,14.8343407],[122.1975142,14.8340245],[122.1963126,14.8334553],[122.1944786,14.8335185],[122.1927078,14.8353526],[122.1923283,14.8372498],[122.1957434,14.8371866],[122.1968186,14.8378823],[122.1974489,14.8386113],[122.1975798,14.8394118],[122.1975538,14.8398649],[122.1974228,14.8400848],[122.1940991,14.8426255],[122.1932137,14.8435741],[122.192518,14.8452817],[122.1908104,14.8453449],[122.1906207,14.8449654],[122.190431,14.844586],[122.1900515,14.84408],[122.1887234,14.8441433],[122.1863834,14.8454714],[122.1841067,14.8472422],[122.1821461,14.8483173],[122.1798694,14.8479378],[122.1780354,14.8465465],[122.17715,14.8454713],[122.1749997,14.8427519],[122.17013,14.8436372],[122.1660192,14.8421194],[122.1650269,14.8411593],[122.1649441,14.8411075],[122.1641852,14.8407281],[122.1629836,14.8406016],[122.1607701,14.8402221],[122.1588728,14.8399691],[122.1560901,14.8402221],[122.1541296,14.8406015],[122.1523588,14.8409177],[122.1509042,14.8415501],[122.1499555,14.8419296],[122.1485642,14.8418664],[122.147742,14.8417399],[122.1462874,14.8416766],[122.1459712,14.8409177],[122.1457815,14.8408545],[122.1453388,14.840475],[122.1448329,14.840222],[122.1444534,14.8395896],[122.1440739,14.8392101],[122.1436945,14.8384512],[122.1436313,14.8379453],[122.1431886,14.8369966],[122.1426598,14.8352792],[122.1401866,14.8341199],[122.1374043,14.8339653],[122.1353176,14.8334243],[122.132999,14.8331152],[122.1311441,14.832806],[122.1291347,14.8329606],[122.1276662,14.8341972],[122.1273297,14.8345031],[122.1221789,14.8403027],[122.1214833,14.8415393],[122.119783,14.8423121],[122.1155323,14.8415393],[122.1121317,14.8420803],[122.1110497,14.8423121],[122.1098904,14.8426985],[122.1086538,14.8426212],[122.1077264,14.8425439],[122.1068762,14.8426985],[122.1058715,14.8425439],[122.1050213,14.8425439],[122.1044031,14.8425439],[122.1037075,14.8423121],[122.1023216,14.8426604],[122.1021813,14.8427505],[122.091419,14.8454035],[122.0900278,14.8456353],[122.0891004,14.845017],[122.088173,14.8443987],[122.0880957,14.8426984],[122.0891004,14.8411527],[122.0918827,14.8389887],[122.0942786,14.8348926],[122.0984521,14.8303327],[122.1006161,14.8278596],[122.1007707,14.826623],[122.1013117,14.8248454],[122.1015436,14.823377],[122.1021619,14.8214449],[122.1026256,14.8196673],[122.1027802,14.817426],[122.1030893,14.8167304],[122.1033985,14.8154939],[122.1037076,14.8146437],[122.1040168,14.813639],[122.1043259,14.812557],[122.1054079,14.8102384],[122.1065672,14.807688],[122.107572,14.8069924],[122.1095041,14.8059104],[122.1112044,14.8054467],[122.1138322,14.8042874],[122.1159189,14.8036692],[122.1183921,14.80336],[122.1207106,14.8029736],[122.1238021,14.8027418],[122.1285938,14.8023554],[122.1326127,14.8015052],[122.1371726,14.799264],[122.1422735,14.7955543],[122.151857,14.788444],[122.1620271,14.7836414],[122.1711014,14.7781651],[122.1760496,14.7761897],[122.178205,14.7748965],[122.1842402,14.7725974],[122.1866112,14.7711604],[122.1893414,14.769508],[122.1912813,14.7683584],[122.1929338,14.7674963],[122.1942989,14.7665622],[122.1953048,14.7659875],[122.1959514,14.7657001],[122.1984661,14.7641195],[122.2011245,14.7623233],[122.2036391,14.7598805],[122.2065849,14.7583717],[122.2082374,14.7577969],[122.2123327,14.7569348],[122.2175776,14.7560726],[122.2235409,14.7554979],[122.228714,14.7549231],[122.2304383,14.7539891],[122.2324501,14.7499657],[122.2334048,14.7483738],[122.2350366,14.7466607],[122.2373358,14.7439277],[122.2397786,14.7408411],[122.2423594,14.7367401],[122.2435187,14.7311755],[122.2429777,14.7287024],[122.2418185,14.7256882],[122.2420664,14.7243845],[122.2422822,14.7233697],[122.2434415,14.7225968],[122.2456828,14.7226741],[122.2472285,14.7236788],[122.2503199,14.7244517],[122.2522521,14.7249927],[122.2543388,14.7259974],[122.2559618,14.7270022],[122.2565801,14.7292435],[122.2575075,14.7317939],[122.257353,14.7329532],[122.2575075,14.7350399],[122.2575848,14.7374358],[122.2577394,14.7388269],[122.2575848,14.7402953],[122.2575848,14.7414546],[122.2573529,14.7425366],[122.2573529,14.7437732],[122.2571983,14.7453189],[122.2575192,14.7485566],[122.2577393,14.7532794],[122.2579711,14.7563708],[122.2585121,14.7611626],[122.2582802,14.7647177],[122.2581256,14.7665726],[122.2571209,14.7687366],[122.255807,14.7699731],[122.2528702,14.7719826],[122.2526383,14.7729873],[122.2524064,14.7740693],[122.2524064,14.775074],[122.253102,14.7760014],[122.2533339,14.777238],[122.254184,14.7783973],[122.2551114,14.779402],[122.2563896,14.7821088],[122.256447,14.788476],[122.2557285,14.7915654],[122.2539323,14.7930024],[122.2525672,14.793146],[122.2504118,14.7935771],[122.2478971,14.7975287],[122.2457416,14.7988938],[122.2430114,14.7989656],[122.2406405,14.7979598],[122.2358985,14.7960917],[122.2324499,14.7949421],[122.2290012,14.7942955],[122.2268457,14.7942236],[122.2228223,14.7960916],[122.2203076,14.7970975],[122.218224,14.7980315],[122.2147753,14.7997558],[122.211614,14.8009772],[122.2087401,14.8018394],[122.2069439,14.8021986],[122.2055788,14.8028452],[122.2045011,14.8037074],[122.2027049,14.8044977],[122.2018427,14.8052162],[122.2004058,14.8059346],[122.1972445,14.8077308],[122.1956638,14.8083056],[122.1942269,14.8091677],[122.1935802,14.8095988],[122.1928618,14.8099581],[122.1930445,14.811439],[122.1931491,14.8128319],[122.1944424,14.8141252],[122.1972444,14.8149155],[122.2001183,14.8154185],[122.201185,14.8177925],[122.2017615,14.8181444],[122.2017516,14.8188462],[122.2016883,14.8221981],[122.2011824,14.8258029],[122.2011824,14.8304197],[122.2040283,14.8343407],[122.2064315,14.8364277],[122.2097201,14.8397164],[122.2118703,14.8433845],[122.2118703,14.8448232],[122.2112379,14.8473055],[122.2092774,14.8471158],[122.207886,14.847179],[122.2071271,14.8468628],[122.2063682,14.8459142],[122.2052931,14.8447758],[122.2044709,14.8435109],[122.2020044,14.842499],[122.2011823,14.8418666],[122.2006131,14.8415504],[122.2004234,14.840918]]],[[[122.1808217,14.9257512],[122.1811657,14.9261618],[122.1817501,14.9266109],[122.1824035,14.9272986],[122.1829536,14.9279176],[122.1838477,14.9280895],[122.1857734,14.9281239],[122.1864955,14.9282271],[122.1869425,14.929465],[122.1867362,14.9300152],[122.1862548,14.9311844],[122.1852232,14.9321816],[122.1839853,14.9332476],[122.1822315,14.934176],[122.179962,14.9363424],[122.1786553,14.9367894],[122.1774517,14.9365831],[122.1754917,14.9353108],[122.1754573,14.932663],[122.1763514,14.931597],[122.1771079,14.9304279],[122.1776581,14.9292587],[122.1779675,14.9278832],[122.1783114,14.9269548],[122.1796181,14.9247884],[122.1808217,14.9257512]]],[[[122.1457656,14.9006377],[122.1507578,14.897382],[122.1517707,14.8978884],[122.1527112,14.8986843],[122.1533624,14.8993354],[122.1536518,14.9015059],[122.1543753,14.9028806],[122.1548817,14.9036041],[122.154737,14.9040382],[122.1550264,14.9041829],[122.1553158,14.9046894],[122.1558946,14.9051958],[122.1569076,14.906064],[122.1584993,14.9076557],[122.1589334,14.9088857],[122.1584993,14.9104774],[122.1581375,14.9120691],[122.1578481,14.9134438],[122.157414,14.9140949],[122.156827,14.9146116],[122.1560394,14.9158313],[122.1553158,14.9177848],[122.1549541,14.9189424],[122.1545923,14.9197383],[122.1536518,14.92133],[122.153073,14.9214747],[122.1517329,14.9217833],[122.1485149,14.9217641],[122.1474296,14.9216194],[122.1465614,14.9211129],[122.1454762,14.9206065],[122.1445508,14.9201881],[122.1442668,14.9189858],[122.1424375,14.915759],[122.1424375,14.9125756],[122.1425822,14.9109838],[122.1424375,14.9096092],[122.1425098,14.9085963],[122.1425098,14.907511],[122.1422204,14.9067875],[122.1420757,14.905847],[122.141931,14.9046894],[122.1417863,14.9036764],[122.1412798,14.9025912],[122.1404116,14.9009995],[122.1423513,14.8992377],[122.1427908,14.8988065],[122.1436674,14.8995525],[122.144825,14.9005654],[122.1457656,14.9006377]]]]},"properties":{"FID":23,"MUNCODE":166025,"COUNT":7,"AREA":108919697.952,"PERIMETER":97219.072,"HECTARES":10891.9697952,"REGION":"IV","DIST_CODE":"FIRST","PROVINCE":"QUEZON","MUNICIPALI":"PATNANUNGAN","NEWFIELD1":" ","area_sqm":0}},{"type":"Feature","id":24,"geometry":{"type":"MultiPolygon","coordinates":[[[[121.9690883,14.1334308],[121.9775475,14.1421798],[121.9864259,14.1550879],[121.9953037,14.1696095],[121.9985167,14.1795462],[121.9952095,14.1818569],[121.9919898,14.1847488],[121.9894385,14.1872705],[121.9868459,14.189444],[121.9836144,14.1914114],[121.9810543,14.1929521],[121.974945,14.198],[121.9669347,14.2054851],[121.9596081,14.211159],[121.9532975,14.2176904],[121.945018,14.225674],[121.9406539,14.2310937],[121.9387511,14.2331408],[121.9378965,14.2340603],[121.9356647,14.2360189],[121.9333201,14.2367611],[121.9314184,14.2369503],[121.9289109,14.2363017],[121.927371,14.2352427],[121.9265068,14.2337009],[121.9255147,14.2312295],[121.9224452,14.2244467],[121.9188282,14.211237],[121.9174245,14.2073896],[121.9142835,14.1987813],[121.9136563,14.1960969],[121.9128241,14.192825],[121.9126806,14.1899348],[121.9129059,14.1890238],[121.9134818,14.1881891],[121.9142815,14.1875972],[121.9151189,14.18741],[121.915991,14.1876852],[121.9166031,14.18841],[121.9168509,14.1904407],[121.9164413,14.1926097],[121.9161886,14.1940381],[121.9163232,14.1948523],[121.9169717,14.1948858],[121.9177501,14.194696],[121.9185905,14.1944512],[121.9191738,14.1945974],[121.9198601,14.1950367],[121.9208848,14.1957815],[121.9215892,14.1958751],[121.9223676,14.1956853],[121.9232351,14.1949231],[121.9246936,14.193039],[121.9287075,14.1886351],[121.9309393,14.1855216],[121.9328021,14.1826776],[121.9360331,14.176271],[121.9378466,14.1720967],[121.9403469,14.1672078],[121.9472013,14.1581003],[121.9522465,14.1508018],[121.9560954,14.1471921],[121.960197,14.1432479],[121.9624807,14.1401907],[121.9649821,14.1374905],[121.9668257,14.1360847],[121.968004,14.1349913],[121.9690883,14.1334308]]],[[[122.0356272,14.3987351],[122.0359217,14.3987499],[122.0363217,14.3990001],[122.0366878,14.3998786],[122.0369859,14.4020167],[122.0373925,14.4043305],[122.0377554,14.4063571],[122.0382857,14.4074735],[122.0387571,14.4085863],[122.0393403,14.4098204],[122.0400505,14.4119784],[122.0404043,14.4141744],[122.0409906,14.4164403],[122.0418619,14.4188927],[122.0425382,14.4205894],[122.0434032,14.4220666],[122.0447675,14.4241412],[122.0450711,14.4250748],[122.0452605,14.4259434],[122.0451582,14.4267409],[122.0447178,14.4272352],[122.044352,14.4274461],[122.0435551,14.4279786],[122.0426374,14.4285636],[122.0421816,14.4293426],[122.0416361,14.4306909],[122.0413878,14.4330856],[122.0411396,14.4354803],[122.0408605,14.4373574],[122.0406399,14.4381487],[122.0399236,14.439373],[122.039759,14.4402244],[122.0397282,14.4407961],[122.0395636,14.4416475],[122.0390738,14.4419664],[122.0381183,14.4421479],[122.0375231,14.4422325],[122.0363974,14.44229],[122.0356188,14.4424801],[122.0344714,14.4429376],[122.0337796,14.4437054],[122.0327589,14.4450867],[122.0319368,14.4460767],[122.0305318,14.4469218],[122.0298245,14.4468861],[122.0293593,14.4467486],[122.0290305,14.4462726],[122.028609,14.4453352],[122.027989,14.4436997],[122.027332,14.4416606],[122.0270317,14.4395823],[122.0269825,14.4372305],[122.0270509,14.435973],[122.0273612,14.4346137],[122.0278299,14.4336053],[122.030482,14.4282936],[122.03376,14.4212362],[122.0355894,14.4169133],[122.0359736,14.4141812],[122.0359921,14.4105696],[122.0357342,14.4087785],[122.0352597,14.4066328],[122.0346826,14.404194],[122.0347747,14.4002979],[122.0351963,14.3990577],[122.0356272,14.3987351]]]]},"properties":{"FID":24,"MUNCODE":166026,"COUNT":2,"AREA":53861067.814,"PERIMETER":44320.307,"HECTARES":5386.1067814,"REGION":"IV","DIST_CODE":"FOURTH","PROVINCE":"QUEZON","MUNICIPALI":"PEREZ","NEWFIELD1":" ","area_sqm":0}},{"type":"Feature","id":25,"geometry":{"type":"Polygon","coordinates":[[[122.0637661,13.8316418],[122.0603803,13.8202044],[122.0550595,13.8106185],[122.0486753,13.8020964],[122.0449512,13.7946412],[122.0427373,13.7850209],[122.0459598,13.7821877],[122.0471609,13.7807492],[122.0475949,13.7803678],[122.0483835,13.7799482],[122.0504225,13.7792508],[122.0513836,13.7788985],[122.0518726,13.7785783],[122.0517962,13.7778796],[122.0515171,13.7776322],[122.0511613,13.776686],[122.0511917,13.7761663],[122.0514118,13.7754258],[122.052,13.7744166],[122.0532089,13.7738471],[122.0541461,13.7738993],[122.0557694,13.7742785],[122.0559383,13.7744034],[122.0569205,13.7746886],[122.0581023,13.7745812],[122.0590566,13.7743442],[122.0600075,13.7741647],[122.0608242,13.7742684],[122.061393,13.7745893],[122.0621039,13.7754972],[122.0622841,13.7764325],[122.0627433,13.7776164],[122.0634778,13.7781199],[122.0648838,13.7781975],[122.0666999,13.7782982],[122.0680271,13.7787192],[122.0691134,13.779242],[122.0701137,13.7802233],[122.0708493,13.7817111],[122.0716825,13.7845362],[122.071716,13.7869695],[122.0712175,13.7884481],[122.0696996,13.7902755],[122.0680776,13.7918651],[122.0673518,13.7932151],[122.0671474,13.7956938],[122.0672913,13.7982508],[122.0674961,13.799767],[122.067769,13.8001297],[122.0684855,13.7999381],[122.0693184,13.798767],[122.0696433,13.7962367],[122.0699616,13.7938217],[122.0705488,13.7918281],[122.0733185,13.7867111],[122.0744444,13.785557],[122.0752816,13.7853138],[122.0760537,13.7851822],[122.0768739,13.7852282],[122.0776706,13.7856765],[122.0784434,13.7865303],[122.0787409,13.7874729],[122.079179,13.7880181],[122.0798238,13.7880533],[122.081033,13.7874837],[122.0814155,13.7870365],[122.0817907,13.7865982],[122.0823202,13.7855854],[122.083931,13.7831853],[122.0852609,13.782563],[122.0859674,13.7825442],[122.0867777,13.782763],[122.0873468,13.7830827],[122.0882362,13.7829583],[122.0890939,13.7823693],[122.0900799,13.7825967],[122.0914289,13.783655],[122.0923891,13.7853289],[122.0934565,13.7871817],[122.094525,13.7900201],[122.0951967,13.7926038],[122.0960827,13.7955477],[122.0968548,13.7984278],[122.0973292,13.8003644],[122.0980214,13.8026035],[122.0983,13.8048772],[122.0982436,13.8068435],[122.0979361,13.8090857],[122.0982314,13.8110713],[122.09837,13.811716],[122.0988536,13.8124953],[122.0994715,13.8129926],[122.1005144,13.8142667],[122.1006045,13.8147349],[122.100661,13.8157805],[122.1003928,13.8163446],[122.1004458,13.8174489],[122.1009949,13.8181154],[122.1021537,13.8184112],[122.103509,13.8183687],[122.1042644,13.8185263],[122.105286,13.8191618],[122.1064486,13.8193988],[122.1076278,13.8193478],[122.1091069,13.819196],[122.1098377,13.8187726],[122.1104193,13.8178774],[122.1109865,13.8162283],[122.1117291,13.81459],[122.112648,13.8129603],[122.113771,13.8118625],[122.1157835,13.8106401],[122.1183136,13.8096196],[122.1227134,13.8088172],[122.1237961,13.8084131],[122.1241062,13.8081407],[122.1240089,13.8077877],[122.1234428,13.8074093],[122.1212868,13.8070603],[122.1183235,13.8064349],[122.1161425,13.805506],[122.1145718,13.8042041],[122.1133878,13.8033285],[122.1116695,13.8025391],[122.1099625,13.8025623],[122.1080762,13.8026323],[122.1058656,13.8022219],[122.1054097,13.801966],[122.1046433,13.8009969],[122.1042972,13.7998779],[122.1036871,13.7972391],[122.1038078,13.7941768],[122.1041561,13.7912431],[122.1048943,13.7886781],[122.1061512,13.7842887],[122.1068705,13.7830549],[122.1073968,13.7820996],[122.1075376,13.7817023],[122.1075614,13.7812989],[122.1072199,13.7811067],[122.1037703,13.7797594],[122.1017696,13.7787813],[122.1001173,13.7778802],[122.0991885,13.7766721],[122.0987387,13.7753154],[122.0987545,13.774044],[122.0991187,13.7728485],[122.0996135,13.7714286],[122.0996609,13.7706208],[122.0995979,13.7696915],[122.0996861,13.7681922],[122.1007049,13.7668589],[122.1038475,13.7654114],[122.1077621,13.7638321],[122.109588,13.7627752],[122.1125888,13.7607416],[122.1170627,13.7566484],[122.1258206,13.7626864],[122.1423141,13.7749365],[122.1524226,13.7855882],[122.1588069,13.8010323],[122.1653495,13.8186874],[122.161121,13.8246606],[122.1531925,13.8398531],[122.1192152,13.8371759],[122.1132234,13.8413607],[122.1078679,13.8395104],[122.1036668,13.8351621],[122.0948341,13.8348686],[122.0889419,13.8395165],[122.0860708,13.8342891],[122.0766956,13.8295933],[122.0697541,13.8354743],[122.0637661,13.8316418]]]},"properties":{"FID":25,"MUNCODE":166027,"COUNT":1,"AREA":72631861.931,"PERIMETER":55154.516,"HECTARES":7263.1861931,"REGION":"IV","DIST_CODE":"THIRD","PROVINCE":"QUEZON","MUNICIPALI":"PITOGO","NEWFIELD1":" ","area_sqm":0}},{"type":"Feature","id":26,"geometry":{"type":"Polygon","coordinates":[[[121.9156069,13.9326912],[121.9327199,13.9267016],[121.937321,13.9236287],[121.9527236,13.9048296],[121.9540505,13.9040669],[121.9558772,13.9041301],[121.9634849,13.9057729],[121.9746297,13.9043633],[122.0333516,13.8690291],[122.0255208,13.8811276],[122.0194683,13.9025936],[122.0178175,13.9152521],[122.0183678,13.9235075],[122.0194683,13.9323143],[122.0216694,13.9411211],[122.022219,13.9493765],[122.021156,13.9586108],[122.0186739,13.9588235],[122.0175885,13.9592881],[122.0162583,13.9599122],[122.0155703,13.9599975],[122.0147289,13.9609332],[122.0136638,13.9610498],[122.0127914,13.9608847],[122.0123819,13.9608627],[122.0119125,13.960837],[122.0106612,13.9611167],[122.0098139,13.9615359],[122.0089559,13.962128],[122.0070104,13.9642311],[122.0045691,13.9667729],[122.0028468,13.9680734],[121.9993066,13.9713112],[121.997022,13.97318],[121.9942438,13.9754536],[121.9892773,13.9789623],[121.9862603,13.981298],[121.9831839,13.9826413],[121.9812162,13.9831145],[121.9799511,13.9826379],[121.9782383,13.9827765],[121.9775014,13.983317],[121.9768332,13.9836882],[121.9751172,13.9838844],[121.9735345,13.9828075],[121.970498,13.9752456],[121.9638951,13.9702926],[121.9501396,13.9647889],[121.9308819,13.9592839],[121.9176764,13.9482762],[121.9149253,13.9405716],[121.9156069,13.9326912]]]},"properties":{"FID":26,"MUNCODE":166028,"COUNT":1,"AREA":78796019.255,"PERIMETER":40798.752,"HECTARES":7879.6019255,"REGION":"IV","DIST_CODE":"FOURTH","PROVINCE":"QUEZON","MUNICIPALI":"PLARIDEL","NEWFIELD1":" ","area_sqm":0}},{"type":"Feature","id":27,"geometry":{"type":"Polygon","coordinates":[[[121.8798111,14.850993],[121.8822602,14.842547],[121.8847284,14.8350728],[121.8874833,14.8307312],[121.8883937,14.8274304],[121.8904067,14.8215755],[121.8917923,14.8192623],[121.8928713,14.8171036],[121.8943088,14.814907],[121.8966915,14.811794],[121.898354,14.8108019],[121.9009936,14.8093478],[121.9034845,14.8083969],[121.9047847,14.8074991],[121.9062471,14.805871],[121.9067979,14.8045933],[121.9075902,14.8022489],[121.9088545,14.8009509],[121.9110994,14.7991355],[121.9124562,14.797274],[121.9134705,14.7931803],[121.9141231,14.7891809],[121.9143801,14.7858418],[121.914435,14.7839132],[121.9145019,14.7827801],[121.9144639,14.7814138],[121.9147709,14.7802366],[121.9154128,14.779417],[121.9165212,14.7787363],[121.9175539,14.7783343],[121.918343,14.7780341],[121.918889,14.7778344],[121.9190442,14.777217],[121.9190943,14.7763675],[121.9188486,14.775503],[121.918537,14.7747478],[121.9178875,14.7736916],[121.91729,14.772752],[121.9169161,14.7720508],[121.9167397,14.7710183],[121.9168066,14.7698852],[121.9172773,14.7689428],[121.918005,14.7676727],[121.9191802,14.7658577],[121.9216316,14.7625165],[121.9238128,14.7597288],[121.9248302,14.7575639],[121.9267127,14.7537939],[121.9294743,14.7471691],[121.9310027,14.7413329],[121.9321898,14.7392896],[121.9336729,14.7372602],[121.9345968,14.7356587],[121.9349162,14.7342522],[121.9354459,14.7322884],[121.9359082,14.7274191],[121.9360969,14.7241859],[121.9362457,14.7216327],[121.9362102,14.7202087],[121.9362729,14.7191299],[121.9367858,14.7184734],[121.9375874,14.717946],[121.9384843,14.7167964],[121.9389051,14.7156796],[121.9386293,14.7153246],[121.9380481,14.7151231],[121.9375291,14.7148698],[121.9373126,14.7145163],[121.9371682,14.7139405],[121.9369188,14.7131302],[121.9364856,14.7124254],[121.9356416,14.7116418],[121.9347811,14.7111429],[121.9337959,14.7107508],[121.9324659,14.7101706],[121.930945,14.7098076],[121.9291747,14.7096593],[121.9278938,14.7092523],[121.9261988,14.7088241],[121.9237941,14.7083586],[121.9211925,14.7082245],[121.9197074,14.7082617],[121.9183765,14.7087063],[121.9172753,14.7103001],[121.9160063,14.7117146],[121.9149247,14.7129684],[121.9139448,14.7145108],[121.9133282,14.7189759],[121.9125549,14.7210413],[121.9110942,14.7236968],[121.9092394,14.725991],[121.9074868,14.7275511],[121.9059088,14.7281528],[121.9053174,14.7281217],[121.9050414,14.7277667],[121.9047854,14.7270706],[121.9045171,14.7255777],[121.9044525,14.7236394],[121.9041089,14.7214027],[121.9038376,14.7189414],[121.9029724,14.714458],[121.9026889,14.7030583],[121.9030695,14.6965298],[121.9028739,14.6927615],[121.9031151,14.6886166],[121.9037639,14.683581],[121.9037382,14.6799344],[121.904429,14.6772358],[121.9051885,14.6743692],[121.9058165,14.6717245],[121.9063978,14.6709001],[121.9070059,14.6706465],[121.9078238,14.6708594],[121.9085169,14.6711801],[121.9090492,14.6712075],[121.9094269,14.6708285],[121.909703,14.6701585],[121.9088326,14.667778],[121.9084386,14.6653636],[121.9082219,14.6629591],[121.9081532,14.661075],[121.9082649,14.6591433],[121.9087246,14.656317],[121.9095589,14.6541942],[121.9100744,14.6524542],[121.9111123,14.6498849],[121.9124289,14.6476152],[121.9140909,14.6465608],[121.9158707,14.6455125],[121.9182348,14.6435821],[121.921784,14.6396029],[121.9242329,14.6372197],[121.9262123,14.6357813],[121.930391,14.6332026],[121.9339658,14.631846],[121.9372977,14.6316183],[121.9400913,14.6314762],[121.9427042,14.6313819],[121.9444079,14.6316405],[121.9463872,14.6322551],[121.9477791,14.6327835],[121.9489808,14.6335291],[121.9506257,14.6348112],[121.9520214,14.636308],[121.9532989,14.6377985],[121.9545269,14.639116],[121.9572322,14.6415351],[121.9599014,14.643554],[121.9617104,14.6450718],[121.9636732,14.6459698],[121.9651928,14.6463326],[121.967142,14.6464316],[121.9698064,14.6464536],[121.9719326,14.6465613],[121.9733339,14.6469178],[121.9741807,14.6476459],[121.9752279,14.6490099],[121.9760618,14.6499651],[121.9770502,14.6513255],[121.9785576,14.6539673],[121.9802713,14.6561072],[121.9830121,14.6589251],[121.9842988,14.6602438],[121.98615,14.6620475],[121.9887557,14.6641178],[121.9910462,14.6654883],[121.9926669,14.6661394],[121.9949865,14.6669981],[121.9979788,14.6685174],[121.9999836,14.6697013],[122.0020212,14.6713429],[122.0035801,14.673074],[122.0058215,14.6752951],[122.0076624,14.6772681],[122.0094539,14.679068],[122.0105825,14.6800356],[122.0117669,14.6810645],[122.0126004,14.6820173],[122.0139984,14.683455],[122.0165052,14.6862014],[122.01935,14.6902748],[122.0211066,14.6947481],[122.0225246,14.6978945],[122.0234567,14.7002184],[122.0251239,14.7031488],[122.0269479,14.7054041],[122.0288933,14.7076079],[122.0302941,14.7089879],[122.0316816,14.710595],[122.0332958,14.7134076],[122.0340803,14.7152111],[122.0345562,14.7172268],[122.0347207,14.7184875],[122.0343343,14.7210861],[122.033627,14.7251479],[122.0328502,14.7273279],[122.0317061,14.7297165],[122.0311882,14.7315111],[122.0311624,14.7350378],[122.0312447,14.7356676],[122.0315432,14.7376736],[122.0313695,14.7386311],[122.0308152,14.7400255],[122.0304545,14.7421688],[122.0302078,14.7436673],[122.0294509,14.7482611],[122.02869,14.7522029],[122.0278859,14.7558586],[122.026639,14.7589801],[122.0256611,14.7615457],[122.0242991,14.7635808],[122.0231274,14.7653986],[122.0224937,14.7671283],[122.0223328,14.7678598],[122.0223427,14.7687119],[122.022755,14.771802],[122.0232524,14.776487],[122.0235466,14.779571],[122.0238776,14.7810075],[122.0243396,14.7822243],[122.0255658,14.7845584],[122.0259002,14.7859385],[122.0254504,14.7865411],[122.0248565,14.786568],[122.0242724,14.7864254],[122.023928,14.7862375],[122.0235112,14.7862742],[122.0232321,14.7869985],[122.0237362,14.7895228],[122.0239952,14.7901613],[122.0242701,14.7915388],[122.0242173,14.7924449],[122.0242041,14.7926708],[122.024017,14.7928316],[122.0230945,14.7934108],[122.0224219,14.7937741],[122.0217388,14.794308],[122.0209036,14.797447],[122.020758,14.7999392],[122.0202119,14.8021834],[122.0183203,14.8041326],[122.0170824,14.8050358],[122.015877,14.8063946],[122.0155387,14.8071164],[122.015627,14.8076321],[122.0158564,14.8077562],[122.0165719,14.8076791],[122.0168775,14.8075244],[122.0175405,14.8073306],[122.0186105,14.8072708],[122.0197786,14.807556],[122.0200575,14.8078544],[122.020487,14.8086133],[122.0204072,14.8099724],[122.0200421,14.8111461],[122.0188388,14.8144926],[122.0177766,14.8174488],[122.0172896,14.8186728],[122.0163046,14.8193048],[122.0157169,14.8192186],[122.0155531,14.8189829],[122.0157077,14.8183665],[122.0157086,14.817345],[122.014537,14.8171151],[122.0142449,14.8170438],[122.0136374,14.8172977],[122.0133254,14.8175653],[122.0128951,14.8178279],[122.0121662,14.818131],[122.0105634,14.8191864],[122.0100476,14.8198983],[122.0093533,14.8216231],[121.9633773,14.7858401],[121.9178768,14.842966],[121.8798111,14.850993]]]},"properties":{"FID":27,"MUNCODE":166029,"COUNT":1,"AREA":218450235.191,"PERIMETER":82623.797,"HECTARES":21845.0235191,"REGION":"IV","DIST_CODE":"FIRST","PROVINCE":"QUEZON","MUNICIPALI":"POLILIO","NEWFIELD1":" ","area_sqm":0}},{"type":"Feature","id":28,"geometry":{"type":"Polygon","coordinates":[[[121.8349402,13.9016556],[121.8349403,13.901656],[121.8354811,13.9013082],[121.8361514,13.9008526],[121.8379262,13.8996463],[121.8404022,13.89845],[121.8409905,13.8974369],[121.8409561,13.89604],[121.840839,13.895045],[121.8408734,13.8944666],[121.8410764,13.8940121],[121.841441,13.8938014],[121.8426445,13.8932884],[121.8452994,13.8930332],[121.8464689,13.8930997],[121.848983,13.8932427],[121.8504444,13.8933253],[121.8522192,13.8930771],[121.8552938,13.8916835],[121.8595762,13.889718],[121.8605941,13.889369],[121.8619321,13.8895617],[121.8620423,13.8896843],[121.8626857,13.8907088],[121.863009,13.8921794],[121.8632778,13.8935899],[121.8634085,13.8943521],[121.8640345,13.8946782],[121.8647914,13.8947801],[121.8657166,13.895007],[121.8667936,13.8956494],[121.8671891,13.8959032],[121.8679322,13.8962366],[121.8684565,13.8960006],[121.8684563,13.8960001],[121.8690776,13.8957198],[121.8702987,13.8949175],[121.872153,13.8943249],[121.8730456,13.8939448],[121.8741998,13.893454],[121.875538,13.8926578],[121.8772511,13.8914757],[121.879683,13.8890573],[121.8823451,13.8847345],[121.8844808,13.8803822],[121.8866918,13.8747566],[121.8873855,13.8732941],[121.8883013,13.8713624],[121.8891647,13.869669],[121.8892162,13.8688013],[121.889109,13.8676335],[121.8893635,13.8653248],[121.8896417,13.8635993],[121.8901852,13.8623519],[121.8913684,13.8612],[121.892937,13.860476],[121.8957204,13.8600523],[121.896966,13.8598331],[121.8981664,13.8593785],[121.8999864,13.8583776],[121.9018064,13.8573777],[121.9024632,13.8570529],[121.9044861,13.8560517],[121.9046481,13.8559711],[121.9072045,13.854432],[121.909231,13.8539076],[121.910339,13.854029],[121.911953,13.8545255],[121.9139148,13.8551015],[121.9158798,13.8556176],[121.917986,13.8557365],[121.918164,13.8556978],[121.9181639,13.8556976],[121.9203053,13.8552292],[121.9224767,13.8542488],[121.9250885,13.8527708],[121.9268502,13.8517671],[121.928784,13.8508309],[121.9296064,13.8506921],[121.9303261,13.8505698],[121.931854,13.8505403],[121.9328833,13.8510036],[121.9365392,13.8517314],[121.9389181,13.8522141],[121.9419128,13.8522079],[121.9452277,13.8517554],[121.9464239,13.851425],[121.947496,13.8511278],[121.9504321,13.8501324],[121.9531756,13.8494152],[121.958393,13.8673676],[121.9600438,13.8778246],[121.9572929,13.892686],[121.9527236,13.9048296],[121.937321,13.9236287],[121.9327199,13.9267016],[121.9156069,13.9326912],[121.8882818,13.9422527],[121.848272,13.974507],[121.8358094,13.9847254],[121.8313792,13.9793443],[121.8297556,13.9754785],[121.8286677,13.9699587],[121.8259825,13.9629982],[121.8217116,13.957368],[121.8187302,13.9550709],[121.8122772,13.9524799],[121.8086709,13.9510848],[121.8064451,13.9491031],[121.8052695,13.9474463],[121.8051786,13.9472866],[121.8055904,13.947362],[121.8064157,13.9472926],[121.8066839,13.9467267],[121.8070758,13.9460506],[121.8073957,13.9456024],[121.808479,13.945141],[121.8095585,13.9447372],[121.8101156,13.944245],[121.8104973,13.9437428],[121.8126533,13.9420029],[121.813238,13.9420363],[121.8147718,13.9418912],[121.8157519,13.9411908],[121.8160096,13.9407977],[121.8159787,13.9403308],[121.8156075,13.9396691],[121.8148167,13.939159],[121.8143798,13.9386099],[121.8140327,13.9375426],[121.8141083,13.9362671],[121.8131319,13.93592],[121.8126951,13.935372],[121.8122895,13.9343011],[121.812503,13.9316951],[121.8123827,13.9297678],[121.8108771,13.9254934],[121.8103923,13.9247678],[121.8095811,13.9236157],[121.8082024,13.9221411],[121.8077659,13.921592],[121.807563,13.9210576],[121.807601,13.9204194],[121.8078006,13.9200237],[121.8082956,13.9195865],[121.8088459,13.9192106],[121.8093479,13.9186582],[121.8092549,13.9182453],[121.8088048,13.917929],[121.8080655,13.9175378],[121.8075706,13.9169861],[121.8074264,13.9164543],[121.8077325,13.9152501],[121.8093692,13.9133664],[121.8130618,13.9104372],[121.8151454,13.9089274],[121.8169336,13.9074603],[121.8172739,13.9066653],[121.8172226,13.9055576],[121.8171025,13.9036314],[121.8171851,13.9022407],[121.8175289,13.9013881],[121.8181341,13.9010746],[121.8190899,13.9007797],[121.8199564,13.9010043],[121.8214967,13.9017316],[121.8234872,13.9027752],[121.8265405,13.9037052],[121.8288616,13.9041288],[121.829907,13.9043045],[121.8310416,13.903963],[121.832737,13.9030704],[121.8349402,13.9016556]]]},"properties":{"FID":28,"MUNCODE":166030,"COUNT":1,"AREA":123097984.391,"PERIMETER":53177.45,"HECTARES":12309.7984391,"REGION":"IV","DIST_CODE":"THIRD","PROVINCE":"QUEZON","MUNICIPALI":"PADRE BURGOS","NEWFIELD1":" ","area_sqm":0}},{"type":"Feature","id":29,"geometry":{"type":"Polygon","coordinates":[[[121.5610747,14.6954019],[121.558358,14.6947286],[121.556707,14.6949635],[121.5553921,14.6948016],[121.5543811,14.693827],[121.5538884,14.6922207],[121.5538856,14.6910648],[121.5539905,14.6900271],[121.5539734,14.6890519],[121.5533756,14.6883115],[121.5523657,14.6879154],[121.5514172,14.6878609],[121.5503473,14.687861],[121.5489875,14.6882141],[121.5482246,14.6887912],[121.5473387,14.6891438],[121.5464541,14.6902987],[121.5454018,14.6914547],[121.5443331,14.6921496],[121.543219,14.6931245],[121.5414467,14.6935404],[121.5401326,14.6936576],[121.5391834,14.693089],[121.53793,14.6930991],[121.5365687,14.6929279],[121.5352074,14.6925939],[121.533891,14.6919076],[121.5321014,14.6913935],[121.5303278,14.6913484],[121.5280219,14.6922784],[121.5268917,14.692748],[121.5263377,14.6911954],[121.5258008,14.6903921],[121.5254317,14.6893006],[121.5251848,14.6884335],[121.525182,14.6871161],[121.5257006,14.6863669],[121.525988,14.6849225],[121.5263805,14.6827387],[121.5254151,14.6816468],[121.5231703,14.6827477],[121.5219343,14.6837951],[121.5206347,14.6837948],[121.5200188,14.6819627],[121.5198337,14.6810961],[121.5198312,14.6800046],[121.5200579,14.6787406],[121.5198107,14.6776487],[121.5181864,14.6759244],[121.5183502,14.6737945],[121.5174471,14.6733436],[121.5164983,14.6729466],[121.5148754,14.6718008],[121.5142148,14.670365],[121.5138457,14.6693367],[121.5135361,14.6674954],[121.5135789,14.6662223],[121.5126297,14.6655993],[121.5116646,14.6647966],[121.5106541,14.6640569],[121.5104066,14.6628475],[121.509729,14.660545],[121.5083309,14.6572787],[121.5069511,14.6557264],[121.5058795,14.654932],[121.5045452,14.6530909],[121.5041924,14.6522875],[121.5035775,14.650852],[121.5027956,14.6498234],[121.5024262,14.6487307],[121.5017654,14.6471785],[121.5018093,14.646258],[121.5010873,14.6448862],[121.5014188,14.6427563],[121.5021797,14.6410235],[121.5029423,14.6402195],[121.5038093,14.6383156],[121.5044484,14.6371605],[121.5044887,14.6346875],[121.5056021,14.6333603],[121.5060119,14.6320873],[121.5070448,14.6289823],[121.5068414,14.6271416],[121.5061367,14.6264558],[121.5051106,14.6254809],[121.5039771,14.6247313],[121.5029059,14.6241087],[121.5011134,14.6224487],[121.5003771,14.62113],[121.5000661,14.6190005],[121.4996964,14.6175654],[121.498378,14.6160757],[121.497718,14.6149303],[121.4971653,14.6138376],[121.4972088,14.6128537],[121.4957682,14.6110853],[121.4951699,14.6103357],[121.4945105,14.6093609],[121.4939124,14.6085583],[121.4918326,14.6080522],[121.4905788,14.608061],[121.4895088,14.6080609],[121.4874916,14.6082422],[121.4854283,14.6085395],[121.4841739,14.6081427],[121.4826117,14.6069416],[121.4819067,14.6062015],[121.4816603,14.6053356],[121.4812911,14.6041887],[121.4805703,14.6033852],[121.4794201,14.6016705],[121.4784703,14.6008045],[121.4766799,14.600064],[121.4752606,14.6008852],[121.4743331,14.6031321],[121.4729742,14.604053],[121.4715707,14.6051002],[121.4703175,14.6052807],[121.4693084,14.6052797],[121.4680538,14.6046569],[121.4672272,14.604143],[121.466612,14.6026442],[121.4662402,14.6005775],[121.4664069,14.5997109],[121.4663881,14.5983301],[121.4657881,14.5966698],[121.4642435,14.5962722],[121.4630505,14.5961095],[121.4613854,14.5963979],[121.4604363,14.596064],[121.4595494,14.5957204],[121.4592406,14.5944574],[121.458916,14.5928419],[121.4559672,14.5851395],[121.4642331,14.5723331],[121.4642979,14.5722318],[121.5044504,14.5055344],[121.505639,14.5035602],[121.5235482,14.4754018],[121.5356884,14.4563138],[121.5364503,14.4552757],[121.5372744,14.4545803],[121.5387976,14.4524588],[121.540567,14.450671],[121.5413371,14.4497594],[121.54203,14.4489377],[121.5431399,14.446356],[121.5442532,14.4452003],[121.5461282,14.4428978],[121.5475304,14.4411744],[121.548597,14.4396748],[121.5494633,14.4377164],[121.5505137,14.4358743],[121.5513982,14.4347827],[121.5520209,14.4332295],[121.5523551,14.4322101],[121.5532534,14.4307558],[121.5538933,14.4297813],[121.5543482,14.4284542],[121.554926,14.4271267],[121.5568423,14.4230471],[121.5575424,14.4215475],[121.5575716,14.4214121],[121.557935,14.419716],[121.5593343,14.4167812],[121.5604465,14.415048],[121.5617405,14.4129271],[121.5628367,14.411022],[121.5632849,14.4099909],[121.5638856,14.4086115],[121.5646296,14.4066523],[121.5653302,14.4053255],[121.5738139,14.3864657],[121.5743728,14.3837042],[121.5758361,14.381799],[121.5764734,14.3799034],[121.5782074,14.3763366],[121.5793183,14.3742066],[121.5808418,14.3720214],[121.5824267,14.3700073],[121.5844046,14.3662068],[121.5859105,14.3631639],[121.5880887,14.3598233],[121.5890483,14.3577025],[121.5899891,14.3556245],[121.5917979,14.3514264],[121.5927059,14.3499041],[121.5936552,14.348312],[121.5958776,14.3443479],[121.5979777,14.3405469],[121.5990718,14.3378381],[121.6004712,14.3348498],[121.6019769,14.331626],[121.6035594,14.3287552],[121.6044079,14.325767],[121.6058681,14.3227146],[121.6071265,14.3187424],[121.608282,14.3159887],[121.6088558,14.3132272],[121.609642,14.3098861],[121.6103229,14.306898],[121.6108795,14.3033962],[121.6116827,14.3005795],[121.6122422,14.2981591],[121.6126951,14.2958668],[121.6129187,14.2937902],[121.6130056,14.2916687],[121.612965,14.2879318],[121.6130494,14.2848905],[121.6132387,14.2813244],[121.6132786,14.279023],[121.6137308,14.2764957],[121.6140055,14.2702307],[121.6142117,14.2672432],[121.6139461,14.2648869],[121.6139687,14.2618995],[121.6144646,14.2585679],[121.6147942,14.2558693],[121.6149556,14.2533414],[121.6151015,14.2506338],[121.6151251,14.2481063],[121.6151051,14.2461571],[121.6147167,14.2437469],[121.6137904,14.240354],[121.6134022,14.2379981],[121.6131353,14.2351819],[121.6121931,14.2315086],[121.6116785,14.2278898],[121.6107712,14.2257682],[121.6100758,14.2228444],[121.6090896,14.2200285],[121.6080413,14.2165275],[121.6073614,14.2138287],[121.6064364,14.2110132],[121.6056362,14.2089464],[121.6045905,14.2066002],[121.6040354,14.2048139],[121.6031726,14.2023501],[121.606321,14.2019956],[121.6094237,14.2016961],[121.6122679,14.2018121],[121.6159094,14.2029462],[121.6186623,14.20317],[121.623481,14.2042497],[121.6275933,14.2041208],[121.6309279,14.204741],[121.6386645,14.2047174],[121.6438924,14.2043606],[121.6467956,14.2037172],[121.647696,14.2032025],[121.6494672,14.2022803],[121.6507045,14.2017019],[121.6508036,14.2046257],[121.651748,14.209048],[121.6512948,14.2110613],[121.6514587,14.2152588],[121.6522974,14.2204297],[121.6525249,14.2254853],[121.6522549,14.2275527],[121.6523966,14.2290416],[121.6522351,14.2315786],[121.651695,14.2357665],[121.6514471,14.2402533],[121.6510771,14.2449111],[121.6512393,14.2485222],[121.6513385,14.2515725],[121.6507378,14.255707],[121.6505745,14.2576032],[121.6499543,14.2601941],[121.6497306,14.2622075],[121.6491082,14.2641034],[121.6476069,14.2688791],[121.647829,14.2720386],[121.647641,14.2761189],[121.6471487,14.2809488],[121.6471869,14.2838191],[121.6469816,14.2874383],[121.6463606,14.2895692],[121.6454105,14.2947424],[121.6447744,14.2971523],[121.6442135,14.2990485],[121.643227,14.3018745],[121.6418873,14.3041686],[121.641024,14.3074461],[121.6404838,14.3115266],[121.6395582,14.3141812],[121.6396376,14.3153817],[121.6391842,14.3173949],[121.6389802,14.321249],[121.6380084,14.3240661],[121.6377582,14.3279742],[121.6379218,14.3321627],[121.6366421,14.3341226],[121.6362339,14.3358468],[121.6353076,14.338203],[121.6353887,14.3402701],[121.6344178,14.3433764],[121.634149,14.3457951],[121.6339404,14.3480877],[121.6338383,14.3498758],[121.6332602,14.3510849],[121.6327473,14.3539022],[121.6314694,14.3565479],[121.6301928,14.3594818],[121.6292659,14.3617216],[121.6269965,14.3651796],[121.6254117,14.3674189],[121.6223643,14.3716193],[121.618991,14.3736967],[121.6165002,14.3743398],[121.6133702,14.3760107],[121.6107569,14.3764824],[121.6044175,14.3786247],[121.6026454,14.3791498],[121.6010414,14.3796646],[121.5993951,14.3816243],[121.5975189,14.3834674],[121.5958109,14.3851375],[121.5949276,14.3865186],[121.5929909,14.3884788],[121.5918795,14.390375],[121.590847,14.3933721],[121.5902113,14.3958993],[121.5903908,14.4005477],[121.5909469,14.4029035],[121.5918693,14.4048525],[121.5924434,14.4083643],[121.59335,14.4102498],[121.5949746,14.4118561],[121.59709,14.4140392],[121.5992926,14.4145528],[121.6018027,14.4156886],[121.6047449,14.4185568],[121.6081586,14.4202707],[121.6109141,14.4218123],[121.61332,14.4238772],[121.6145123,14.4239848],[121.6178034,14.4255905],[121.6197787,14.4269071],[121.6216297,14.4271857],[121.6245088,14.4293584],[121.625229,14.4299366],[121.6268367,14.4308465],[121.6296712,14.4333093],[121.6316452,14.4342281],[121.6334979,14.4352016],[121.6362544,14.4371497],[121.6380446,14.4377171],[121.6410459,14.4394847],[121.6427738,14.4397183],[121.644258,14.440232],[121.6477342,14.4424044],[121.6503932,14.4450931],[121.6502963,14.445636],[121.6490025,14.4505495],[121.6482946,14.4545781],[121.6468488,14.459024],[121.6457022,14.4634275],[121.6430592,14.4710709],[121.6422645,14.4745194],[121.6419017,14.4766755],[121.6416244,14.4814693],[121.6413303,14.4865466],[121.6401694,14.4891161],[121.6397801,14.4896675],[121.6393382,14.4901011],[121.6380427,14.4908879],[121.6366117,14.4919542],[121.6351672,14.4932475],[121.6337325,14.4954007],[121.6315449,14.500259],[121.6282998,14.5089483],[121.6253069,14.5183927],[121.6251165,14.5188831],[121.624676,14.5200161],[121.6246776,14.5230477],[121.625057,14.5277571],[121.6258443,14.5336316],[121.6269092,14.5388355],[121.6273096,14.541144],[121.6270504,14.54353],[121.6266173,14.5448212],[121.6262669,14.5457163],[121.6257936,14.5476897],[121.6249338,14.5501569],[121.6243171,14.5535521],[121.6234264,14.5605884],[121.6211828,14.5703467],[121.6195836,14.5752275],[121.618254,14.5805799],[121.6176552,14.5846576],[121.6176377,14.5879681],[121.6178592,14.5902642],[121.6179618,14.592554],[121.6172071,14.5942241],[121.6168069,14.5949448],[121.6158821,14.5954648],[121.6143567,14.5960659],[121.6138019,14.5963778],[121.6130619,14.5967937],[121.6122324,14.5977176],[121.6116367,14.5987129],[121.611301,14.6003492],[121.6108877,14.6032947],[121.6112516,14.6091915],[121.6117087,14.6125263],[121.6118497,14.6151587],[121.6117955,14.6160691],[121.6112083,14.6179186],[121.6096994,14.6222281],[121.6084598,14.6290046],[121.6075644,14.6350013],[121.6071144,14.637542],[121.607076,14.6421585],[121.6070841,14.6450093],[121.6068594,14.6467649],[121.6063242,14.64873],[121.6055866,14.6510837],[121.6050557,14.6539617],[121.6052481,14.6557481],[121.6056295,14.6592937],[121.6066183,14.6666417],[121.6081707,14.6695763],[121.6098169,14.6719465],[121.6105209,14.6731247],[121.6108753,14.6741697],[121.6108779,14.6761063],[121.6109044,14.6776454],[121.6113742,14.6787544],[121.6123993,14.6795503],[121.6135572,14.6801267],[121.6148063,14.6811635],[121.6157947,14.6822236],[121.6157155,14.6822536],[121.6155742,14.6823567],[121.6153735,14.6823804],[121.615114,14.6824387],[121.6149373,14.682484],[121.6146893,14.6825074],[121.6145714,14.6825191],[121.6143944,14.6825655],[121.6141233,14.6826689],[121.6140172,14.6827045],[121.6137697,14.6827968],[121.613581,14.6828544],[121.6132863,14.6830617],[121.6130977,14.6831995],[121.6130626,14.6832456],[121.612933,14.6834064],[121.6127801,14.6836371],[121.6126274,14.6838792],[121.6125568,14.6840629],[121.6123217,14.6844423],[121.6121568,14.684604],[121.6119565,14.6847079],[121.6118032,14.6847646],[121.6116262,14.6847658],[121.6114018,14.6848119],[121.6112722,14.6848462],[121.6110011,14.6849496],[121.6108715,14.6851115],[121.6107543,14.6854329],[121.6107311,14.6856169],[121.6107079,14.685836],[121.6107203,14.6860778],[121.6107089,14.6862845],[121.6106857,14.6865025],[121.6106624,14.6866526],[121.6105213,14.6868133],[121.6103916,14.6868137],[121.6102261,14.6867799],[121.6099901,14.6867446],[121.6098367,14.6867222],[121.6097185,14.6866876],[121.6096359,14.6866306],[121.6096121,14.6865842],[121.6095526,14.6863092],[121.6095287,14.6861938],[121.6094926,14.6859756],[121.6094334,14.6858035],[121.6093623,14.6856539],[121.6092912,14.6855269],[121.6090902,14.6853777],[121.6088659,14.685321],[121.608571,14.685378],[121.6083351,14.6854703],[121.6080993,14.6855864],[121.6078754,14.6857478],[121.6076989,14.6859083],[121.6075459,14.6861503],[121.607381,14.6862883],[121.6072633,14.686404],[121.6070749,14.6865531],[121.604292,14.685698],[121.5997352,14.684474],[121.5919549,14.6840293],[121.5843969,14.6842522],[121.5802845,14.6849197],[121.5746163,14.6866984],[121.5709485,14.6884769],[121.5620566,14.69426],[121.561542,14.694902],[121.5610747,14.6954019]]]},"properties":{"FID":29,"MUNCODE":166031,"COUNT":1,"AREA":472958873.707,"PERIMETER":142580.194,"HECTARES":47295.8873707,"REGION":"IV","DIST_CODE":"FIRST","PROVINCE":"QUEZON","MUNICIPALI":"REAL","NEWFIELD1":" ","area_sqm":0}},{"type":"Feature","id":30,"geometry":{"type":"Polygon","coordinates":[[[121.6031726,14.2023501],[121.6027154,14.201074],[121.602187,14.1995975],[121.6011552,14.1968367],[121.6005834,14.1944266],[121.5996156,14.1926492],[121.5989362,14.1901763],[121.5986892,14.1892009],[121.5984262,14.1882265],[121.5973961,14.1859888],[121.5968409,14.1840941],[121.5959805,14.1824337],[121.5950747,14.180999],[121.5937551,14.1793382],[121.5925443,14.17813],[121.5911648,14.1767038],[121.5901985,14.175558],[121.5889259,14.1741788],[121.5873628,14.1726894],[121.5853422,14.1719509],[121.5837202,14.1713199],[121.5819916,14.1709232],[121.5803249,14.1706987],[121.5786571,14.1703024],[121.5759658,14.1700243],[121.5744206,14.1696185],[121.5719277,14.1695121],[121.5702451,14.1690072],[121.5685779,14.1687193],[121.5661467,14.1686121],[121.5648926,14.1683244],[121.5631648,14.1682802],[121.5611922,14.1681633],[121.5591126,14.1679474],[121.5568484,14.1674344],[121.5554721,14.1672634],[121.5542179,14.1670377],[121.5517696,14.1662987],[121.555083,14.1645108],[121.5565639,14.1639864],[121.5587652,14.1638674],[121.5610274,14.1636324],[121.5623881,14.1636225],[121.5634121,14.1635676],[121.5644659,14.1631615],[121.5663755,14.1626904],[121.5679645,14.1622841],[121.5699366,14.1622835],[121.5725524,14.1629047],[121.5748141,14.1623791],[121.575823,14.1623253],[121.578743,14.1623143],[121.5807601,14.1621963],[121.58261,14.162014],[121.5839075,14.1613189],[121.5849779,14.1612642],[121.5874679,14.160567],[121.5885986,14.1603861],[121.5906149,14.1596895],[121.5935618,14.158361],[121.5943401,14.1577294],[121.595393,14.1570327],[121.597101,14.15548],[121.5985816,14.1546119],[121.5996501,14.1538622],[121.6001062,14.1528874],[121.6012362,14.1524805],[121.6024718,14.1514413],[121.6046967,14.1488498],[121.6055819,14.1481001],[121.6071853,14.147349],[121.6090601,14.1452807],[121.6105389,14.1438362],[121.612004,14.142743],[121.6131326,14.1417031],[121.6145526,14.1410074],[121.6167974,14.1400316],[121.6184445,14.1385857],[121.61962,14.1378354],[121.6206881,14.1370314],[121.6223976,14.1360468],[121.6233443,14.1356398],[121.6261018,14.133381],[121.6263242,14.1349958],[121.6291024,14.1391914],[121.6324575,14.1416444],[121.6353142,14.1465793],[121.6372039,14.1498545],[121.6392847,14.1503047],[121.6419554,14.154373],[121.6440552,14.1562674],[121.6459874,14.1585043],[121.6476926,14.1614269],[121.6493634,14.163033],[121.650593,14.1654422],[121.6526917,14.1670461],[121.6527748,14.1694567],[121.6539877,14.1713517],[121.6541914,14.1732467],[121.6554667,14.1756561],[121.6557772,14.1774963],[121.6567604,14.1792747],[121.6573599,14.1804747],[121.6578715,14.1830007],[121.6598914,14.183577],[121.6618026,14.1836205],[121.6628278,14.1840804],[121.6642513,14.1845935],[121.665855,14.1840137],[121.6675232,14.1845812],[121.6677249,14.185736],[121.6673154,14.1870004],[121.6664326,14.1884362],[121.6650917,14.1901711],[121.6619648,14.1929356],[121.6606836,14.194255],[121.6576622,14.1965048],[121.6553127,14.198295],[121.6530691,14.1999661],[121.6507045,14.2017019],[121.6494672,14.2022803],[121.647696,14.2032025],[121.6467956,14.2037172],[121.6438924,14.2043606],[121.6386645,14.2047174],[121.6309279,14.204741],[121.6275933,14.2041208],[121.623481,14.2042497],[121.6186623,14.20317],[121.6159094,14.2029462],[121.6122679,14.2018121],[121.6094237,14.2016961],[121.606321,14.2019956],[121.6031726,14.2023501]]]},"properties":{"FID":30,"MUNCODE":166032,"COUNT":1,"AREA":43780121.697,"PERIMETER":32693.89,"HECTARES":4378.0121697,"REGION":"IV","DIST_CODE":"FIRST","PROVINCE":"QUEZON","MUNICIPALI":"SAMPALOC","NEWFIELD1":" ","area_sqm":0}},{"type":"Feature","id":31,"geometry":{"type":"MultiPolygon","coordinates":[[[[122.7135962,13.3373321],[122.7131755,13.3365517],[122.7127419,13.3357476],[122.711701,13.3343256],[122.7110759,13.3328668],[122.7108827,13.3310875],[122.7110332,13.3294962],[122.7117108,13.3279903],[122.7125255,13.3271751],[122.7128528,13.3266217],[122.7129246,13.3253694],[122.7135892,13.3240906],[122.7140245,13.3237136],[122.7148621,13.323528],[122.7160961,13.3236481],[122.7172712,13.3237647],[122.7181156,13.323465],[122.7182986,13.3233601],[122.7182366,13.3223868],[122.7181416,13.3209557],[122.7183444,13.3205095],[122.7185801,13.3205211],[122.7190515,13.3205453],[122.7195621,13.3209132],[122.7210153,13.3223571],[122.7218534,13.3242253],[122.7223249,13.3263033],[122.7224593,13.3280791],[122.7225935,13.329855],[122.7226888,13.3323146],[122.722355,13.3340097],[122.722028,13.3366192],[122.7217192,13.3376316],[122.7214455,13.3385299],[122.7214619,13.3402999],[122.7219142,13.343749],[122.7229458,13.3473976],[122.7224812,13.3513712],[122.7223702,13.3533061],[122.7225017,13.3551408],[122.7229897,13.3569351],[122.7232943,13.3588354],[122.7230721,13.3606516],[122.7227744,13.3617216],[122.7218152,13.3629865],[122.7207516,13.3640184],[122.7197924,13.3642547],[122.7189182,13.3640401],[122.718401,13.3637853],[122.7178376,13.3632997],[122.716836,13.3622203],[122.7159551,13.3610913],[122.7145277,13.3591908],[122.7138105,13.3562422],[122.713771,13.3528139],[122.7138815,13.3508903],[122.7139148,13.3503082],[122.7137147,13.348642],[122.7126641,13.3463621],[122.7118719,13.3447234],[122.712644,13.3425937],[122.7132627,13.3421106],[122.7139403,13.341631],[122.7141004,13.3408976],[122.7141823,13.3394746],[122.7135962,13.3373321]]],[[[122.6032809,13.5075379],[122.5761689,13.4895935],[122.5599438,13.4774321],[122.5391585,13.4690309],[122.5579157,13.4368982],[122.5761689,13.4125779],[122.5903653,13.3923105],[122.6045625,13.3679903],[122.6086185,13.3416429],[122.6106469,13.3234032],[122.6207869,13.2930013],[122.637012,13.272735],[122.6451245,13.2544944],[122.6451244,13.2362548],[122.6456352,13.1974907],[122.6538991,13.1994574],[122.6562095,13.2003173],[122.6567614,13.2009725],[122.6575627,13.2019445],[122.6580844,13.2025782],[122.6628467,13.2089729],[122.6634251,13.2097434],[122.6635587,13.2099211],[122.6644217,13.2103076],[122.6653174,13.2101257],[122.6661609,13.2098284],[122.6668671,13.2098644],[122.6675992,13.2104723],[122.6678993,13.2113984],[122.6682816,13.2119301],[122.669063,13.211687],[122.6699818,13.2111084],[122.6710709,13.210652],[122.6722801,13.2111701],[122.6731201,13.2119533],[122.6737144,13.2128956],[122.675502,13.2146386],[122.6771788,13.2162627],[122.6795157,13.2176932],[122.6816051,13.2183129],[122.6836258,13.2180758],[122.6859443,13.2177972],[122.6871933,13.2176337],[122.6887627,13.2180561],[122.6896813,13.2185026],[122.6905282,13.2191728],[122.6911559,13.2195465],[122.6927909,13.2198582],[122.6955871,13.2194908],[122.6993771,13.2203114],[122.700757,13.2209516],[122.7016628,13.2216252],[122.7023855,13.2224026],[122.7031373,13.2236931],[122.7037484,13.2264009],[122.7037934,13.229706],[122.702464,13.2363574],[122.7006309,13.2425279],[122.6995018,13.2446911],[122.6976659,13.2488699],[122.6968508,13.2527583],[122.6967258,13.254917],[122.6966011,13.2570758],[122.6968362,13.25914],[122.6968752,13.2605088],[122.6965543,13.2619744],[122.6950067,13.2642321],[122.6920325,13.2676691],[122.6892908,13.2701513],[122.6884862,13.2707935],[122.6873381,13.2712476],[122.6859086,13.2714595],[122.6836518,13.271685],[122.682448,13.2720791],[122.6813847,13.2731075],[122.6811161,13.2746907],[122.6814816,13.2775598],[122.6832401,13.2839222],[122.6835275,13.2861041],[122.6836537,13.2880551],[122.6837459,13.2894794],[122.6837413,13.295696],[122.6832624,13.3029723],[122.6828815,13.3105979],[122.6832339,13.3178063],[122.6826044,13.3277046],[122.6820802,13.332701],[122.6811343,13.3357923],[122.6796549,13.339942],[122.6788986,13.3448714],[122.6792548,13.3479157],[122.6801706,13.3515033],[122.6801248,13.3523012],[122.6804319,13.3562011],[122.6802029,13.3581314],[122.679689,13.3609045],[122.679512,13.3639798],[122.679983,13.3670887],[122.6811936,13.3717221],[122.6818905,13.3770715],[122.6820182,13.3789638],[122.6820574,13.3803372],[122.6815992,13.3811142],[122.6807286,13.3818704],[122.6796454,13.3842732],[122.6790237,13.3858412],[122.6787682,13.3872006],[122.6786831,13.3886823],[122.6784932,13.3899299],[122.6779696,13.3908188],[122.6772203,13.3915232],[122.6762452,13.3920452],[122.6754564,13.3924059],[122.6745598,13.3936176],[122.6743667,13.3949228],[122.6742652,13.3956607],[122.6740558,13.3962222],[122.6733064,13.3969266],[122.6725798,13.3972331],[122.671886,13.3979985],[122.6715621,13.3995251],[122.6714867,13.4008373],[122.6712773,13.4024273],[122.6706717,13.4037116],[122.668633,13.4062962],[122.6676871,13.4073348],[122.6671439,13.4075353],[122.6665909,13.4079076],[122.6662243,13.409147],[122.666077,13.410684],[122.665848,13.4115879],[122.6653276,13.4124191],[122.6650364,13.4133772],[122.6652099,13.4144727],[122.6655664,13.4154633],[122.6654945,13.4167178],[122.6652294,13.4172193],[122.664385,13.41752],[122.6619534,13.4187114],[122.6607,13.4199632],[122.6603268,13.421318],[122.6604023,13.4230949],[122.6606837,13.4253988],[122.6605038,13.4264768],[122.6596886,13.4283226],[122.6581703,13.430077],[122.655729,13.432471],[122.6538177,13.433862],[122.6523059,13.4344714],[122.6517365,13.4351296],[122.6514616,13.4358017],[122.6513863,13.437115],[122.6515333,13.4386671],[122.6516576,13.4395896],[122.6513501,13.4408336],[122.6507905,13.44132],[122.6501785,13.4416899],[122.6498577,13.4421314],[122.6500018,13.4427114],[122.6501195,13.4437469],[122.6496972,13.4449286],[122.6484145,13.4466945],[122.6432373,13.4545619],[122.6407501,13.4598187],[122.639588,13.4615351],[122.6370391,13.4637535],[122.6311161,13.4681485],[122.6285735,13.4702527],[122.6266754,13.4734791],[122.6259781,13.475334],[122.6254806,13.4767992],[122.6252155,13.4783326],[122.6250027,13.4799836],[122.6249208,13.4814121],[122.6252545,13.482804],[122.625431,13.4838441],[122.6248255,13.4851317],[122.6239061,13.4857158],[122.6229933,13.4861847],[122.6215237,13.4881152],[122.6202935,13.4889701],[122.6195082,13.4892741],[122.6183891,13.489217],[122.6174044,13.4888798],[122.6166518,13.4886119],[122.6151796,13.4885373],[122.6142831,13.4887202],[122.6137825,13.4892111],[122.613298,13.4904469],[122.6130524,13.4916389],[122.6105002,13.4939159],[122.6090995,13.4956792],[122.6079477,13.4972258],[122.6066749,13.4988232],[122.605438,13.5008241],[122.603926,13.5034993],[122.6034153,13.5051928],[122.6032809,13.5075379]]]]},"properties":{"FID":31,"MUNCODE":166033,"COUNT":2,"AREA":249808033.035,"PERIMETER":96306.245,"HECTARES":24980.8033035,"REGION":"IV","DIST_CODE":"THIRD","PROVINCE":"QUEZON","MUNICIPALI":"SAN ANDRES","NEWFIELD1":" ","area_sqm":0}},{"type":"Feature","id":32,"geometry":{"type":"Polygon","coordinates":[[[121.3077291,13.9092504],[121.3106468,13.9038464],[121.313199,13.8987505],[121.3161459,13.8945442],[121.3190238,13.8911621],[121.3225461,13.8887346],[121.327281,13.8865017],[121.3349373,13.8836617],[121.3436441,13.8800692],[121.3500373,13.8781533],[121.3529241,13.8779558],[121.3543135,13.8776014],[121.3555953,13.8769728],[121.3573027,13.8755539],[121.3610397,13.8732594],[121.358293,13.8791568],[121.3479535,13.8973115],[121.3295446,13.9222752],[121.323997,13.9247962],[121.3192058,13.9242921],[121.3029554,13.9166718],[121.3033616,13.9161267],[121.3037615,13.915577],[121.3041547,13.9150238],[121.3045419,13.914465],[121.3049225,13.9139028],[121.3052968,13.9133359],[121.3056641,13.9127645],[121.3060251,13.9121886],[121.3063795,13.9116092],[121.306727,13.9110252],[121.3070678,13.9104378],[121.307402,13.9098459],[121.3077291,13.9092504]]]},"properties":{"FID":32,"MUNCODE":166034,"COUNT":1,"AREA":15290428.834,"PERIMETER":17880.457,"HECTARES":1529.0428834,"REGION":"IV","DIST_CODE":"SECOND","PROVINCE":"QUEZON","MUNICIPALI":"SAN ANTONIO","NEWFIELD1":" ","area_sqm":0}},{"type":"Feature","id":33,"geometry":{"type":"Polygon","coordinates":[[[122.4959515,13.38087],[122.4974704,13.3778676],[122.4974703,13.3778676],[122.4981499,13.3765239],[122.4994285,13.3748175],[122.4998111,13.3743232],[122.5003831,13.37361],[122.5010564,13.3731875],[122.5018337,13.3730003],[122.5026077,13.3728695],[122.5033396,13.3724505],[122.503683,13.3716103],[122.5037794,13.3699569],[122.5038425,13.3688731],[122.5042749,13.3675232],[122.504439,13.3667312],[122.5042117,13.3655757],[122.5039255,13.3644166],[122.5038123,13.3633234],[122.5040738,13.3628797],[122.5046882,13.3624548],[122.5054036,13.3623206],[122.5057039,13.3622228],[122.5063348,13.361512],[122.5067018,13.3602739],[122.5072707,13.3596172],[122.5082407,13.3591546],[122.5090903,13.3587414],[122.5122812,13.3545644],[122.5142215,13.3506077],[122.5150755,13.3491083],[122.5161419,13.3469922],[122.5164533,13.3456941],[122.5170733,13.3431545],[122.5174533,13.3416892],[122.5184067,13.338481],[122.5195033,13.335853],[122.5200697,13.3342253],[122.5205573,13.3329377],[122.5207635,13.332434],[122.5208689,13.3316396],[122.5207847,13.331063],[122.520462,13.3305323],[122.5195904,13.3303148],[122.5187672,13.3302714],[122.5180687,13.3301198],[122.517674,13.3298138],[122.5173644,13.3290548],[122.517431,13.3279157],[122.5180862,13.3257784],[122.5194887,13.323967],[122.5213715,13.3220106],[122.5219215,13.3206678],[122.5221288,13.3191366],[122.5221929,13.3170265],[122.5224444,13.3137266],[122.5225605,13.3117341],[122.5224938,13.3098465],[122.522322,13.308752],[122.5220492,13.3073669],[122.5214558,13.306422],[122.5203213,13.3046487],[122.5195553,13.3036368],[122.5185673,13.302386],[122.5178368,13.3017765],[122.5168545,13.301439],[122.5159729,13.3013921],[122.514993,13.3020254],[122.5143067,13.302674],[122.5133818,13.3033674],[122.5124906,13.3034911],[122.5119328,13.3029487],[122.5113897,13.3011494],[122.5104875,13.2964185],[122.5100232,13.2912557],[122.5104555,13.2899092],[122.5110022,13.2886251],[122.5119235,13.2879883],[122.5131905,13.2874855],[122.5138533,13.2872347],[122.514533,13.2867003],[122.5152947,13.2857704],[122.5158435,13.2854561],[122.5166793,13.2852723],[122.5182071,13.2853532],[122.5187947,13.2853848],[122.5196371,13.2850869],[122.5205031,13.2843911],[122.5207848,13.2836061],[122.520492,13.2825634],[122.5195497,13.2815433],[122.5180008,13.2798065],[122.5167326,13.2783121],[122.51645,13.2770988],[122.5162295,13.2758313],[122.5155323,13.2746534],[122.5143451,13.273791],[122.5133441,13.2727684],[122.5129797,13.2719494],[122.5128246,13.2705724],[122.5126573,13.2683952],[122.5134889,13.2662707],[122.5141828,13.2644817],[122.5153414,13.2618051],[122.5155711,13.2609047],[122.5159059,13.2592111],[122.5159491,13.258472],[122.5154118,13.2575871],[122.5149885,13.2567657],[122.514575,13.2557748],[122.5138979,13.2542555],[122.5125125,13.2527552],[122.510171,13.2514905],[122.5085628,13.2507776],[122.5069415,13.2502918],[122.505503,13.2497013],[122.505115,13.2492823],[122.5044738,13.2481644],[122.5038603,13.2455647],[122.5041817,13.2440993],[122.5056748,13.2427527],[122.507918,13.2416753],[122.5106879,13.2396563],[122.5149718,13.2379453],[122.5178106,13.2357591],[122.518827,13.2345019],[122.5222576,13.2312644],[122.5239151,13.229129],[122.5247151,13.2285439],[122.52643,13.2274382],[122.5283079,13.2265691],[122.5307897,13.2254479],[122.5318283,13.2248191],[122.5330832,13.2235182],[122.5341484,13.2224339],[122.5359909,13.2211646],[122.5372192,13.220318],[122.538657,13.2189134],[122.541004,13.2160749],[122.542619,13.2136533],[122.5438097,13.2114378],[122.5445727,13.2094838],[122.5448542,13.208701],[122.5451612,13.2084902],[122.5454649,13.2083348],[122.546304,13.2080944],[122.5468983,13.2080129],[122.547202,13.2078575],[122.5473948,13.2075831],[122.5473275,13.2067251],[122.5470735,13.2060284],[122.5471334,13.2050056],[122.5479127,13.202769],[122.5496135,13.1998977],[122.55315,13.195871],[122.5569059,13.1911156],[122.5602894,13.1866839],[122.5628724,13.1828352],[122.5648604,13.1800942],[122.5655465,13.1794477],[122.5669357,13.177871],[122.568765,13.1768297],[122.5713159,13.175542],[122.5742164,13.1743295],[122.5777211,13.1728648],[122.581615,13.1707948],[122.5863095,13.1681406],[122.5910983,13.1658911],[122.5957898,13.1632943],[122.6000138,13.1616394],[122.6020942,13.161351],[122.604269,13.1614651],[122.6075898,13.1621529],[122.6097637,13.163291],[122.6122286,13.1645019],[122.6140157,13.1653682],[122.6144649,13.1655859],[122.6159404,13.1665737],[122.6188071,13.1679762],[122.6208604,13.1691649],[122.623166,13.1700827],[122.6252953,13.1709901],[122.6262095,13.1714933],[122.6269408,13.1721013],[122.6275245,13.1732121],[122.6284117,13.1751937],[122.6290477,13.176421],[122.6296936,13.1770425],[122.6306116,13.1779254],[122.6316959,13.178552],[122.6327833,13.179121],[122.6338611,13.1798595],[122.6346635,13.1812667],[122.6353522,13.1826116],[122.6362334,13.1836822],[122.6380395,13.1850852],[122.6393425,13.1860071],[122.6400773,13.1865574],[122.6409786,13.1872877],[122.6413573,13.187876],[122.6415855,13.189027],[122.6418053,13.1923391],[122.6418141,13.1942177],[122.6421008,13.195371],[122.6437696,13.1971083],[122.6456352,13.1974907],[122.6451244,13.2362548],[122.6451245,13.2544944],[122.637012,13.272735],[122.6207869,13.2930013],[122.6106469,13.3234032],[122.6086185,13.3416429],[122.6045625,13.3679903],[122.5903653,13.3923105],[122.5761689,13.4125779],[122.5579157,13.4368982],[122.5391585,13.4690309],[122.5214101,13.4632458],[122.5031573,13.4551392],[122.4849043,13.4389251],[122.4724285,13.4234238],[122.4746049,13.4214764],[122.477775,13.4186652],[122.4795624,13.4173284],[122.4810818,13.4165494],[122.4828914,13.4158433],[122.4852498,13.4148219],[122.4862303,13.4141864],[122.4869788,13.4134815],[122.4873191,13.4126978],[122.4875718,13.411394],[122.4876781,13.4095677],[122.487874,13.4061999],[122.4880078,13.4039001],[122.4880079,13.4039001],[122.4880235,13.4036311],[122.488315,13.4026732],[122.4889727,13.4015059],[122.4899338,13.4001832],[122.4921304,13.3978943],[122.4937793,13.39489],[122.4939077,13.3936955],[122.4940073,13.3919834],[122.4939896,13.3902653],[122.4938119,13.3882531],[122.4935722,13.386295],[122.4938248,13.3849923],[122.4949015,13.3827034],[122.4959515,13.38087]]]},"properties":{"FID":33,"MUNCODE":166035,"COUNT":1,"AREA":341231693.789,"PERIMETER":88587.315,"HECTARES":34123.1693789,"REGION":"IV","DIST_CODE":"THIRD","PROVINCE":"QUEZON","MUNICIPALI":"SAN FRANCISCO","NEWFIELD1":" ","area_sqm":0}},{"type":"Feature","id":34,"geometry":{"type":"MultiPolygon","coordinates":[[[[122.6362233,13.5161531],[122.6357913,13.5192211],[122.6357914,13.5192208],[122.6357262,13.5196845],[122.6351502,13.5214898],[122.6340242,13.5236131],[122.6327904,13.5255576],[122.6311507,13.5273681],[122.6296279,13.5286951],[122.6292228,13.5290483],[122.6278221,13.5297809],[122.6264016,13.5308559],[122.6231712,13.534651],[122.6200228,13.5370153],[122.6179249,13.5375399],[122.6162329,13.5382008],[122.6145606,13.53955],[122.6125414,13.5418007],[122.6083684,13.5476151],[122.6040158,13.5524446],[122.6026218,13.554096],[122.6014894,13.5553013],[122.5998008,13.5569386],[122.5980172,13.5581677],[122.5951901,13.5590572],[122.5916495,13.5600257],[122.5907952,13.5604991],[122.5902783,13.561277],[122.5900851,13.5625877],[122.5900229,13.563675],[122.5896792,13.5645198],[122.588429,13.5657192],[122.5856185,13.5663227],[122.5823791,13.567191],[122.5807496,13.5677975],[122.5788908,13.5693111],[122.5752651,13.5738362],[122.5747332,13.5745496],[122.5739856,13.5755509],[122.5731511,13.5767148],[122.5725329,13.5772009],[122.5698532,13.5775805],[122.5653352,13.5780971],[122.5628193,13.5787155],[122.5613637,13.5793877],[122.5594039,13.5806095],[122.5581703,13.5815228],[122.5573622,13.5822289],[122.5566851,13.5827103],[122.5557265,13.5829494],[122.5528316,13.5829736],[122.551762,13.5830903],[122.5500351,13.5833472],[122.5494788,13.5837779],[122.5490927,13.5843333],[122.5490565,13.5849639],[122.5494715,13.5859616],[122.5497793,13.5866833],[122.5497792,13.5866832],[122.5501484,13.5875486],[122.5510866,13.5897226],[122.5515082,13.5916414],[122.5514195,13.5931886],[122.5513544,13.593558],[122.5510688,13.5951828],[122.5499136,13.5978255],[122.5475708,13.6005791],[122.5453888,13.6015607],[122.54374,13.6025105],[122.5363722,13.6094932],[122.5276233,13.6189369],[122.5233606,13.6232633],[122.5221828,13.6242376],[122.5218402,13.6246698],[122.5209101,13.6258412],[122.5200527,13.6274084],[122.5185445,13.6289991],[122.503919,13.6410809],[122.5011512,13.6440468],[122.4988451,13.6461726],[122.4974351,13.6481161],[122.496548,13.6501996],[122.4961219,13.6524807],[122.4961113,13.6547264],[122.4964505,13.6570475],[122.4968293,13.6586792],[122.4974009,13.6600333],[122.4983126,13.6616344],[122.4989566,13.6627614],[122.4996461,13.6641214],[122.4997795,13.6659142],[122.4997431,13.6675824],[122.4991079,13.6693929],[122.497841,13.6729574],[122.4686794,13.6780764],[122.4544828,13.6861833],[122.4382576,13.7023974],[122.4260891,13.7084772],[122.3936396,13.7145572],[122.365246,13.7267171],[122.385527,13.700371],[122.3875551,13.6902369],[122.3956676,13.6679428],[122.4017522,13.6456492],[122.4118925,13.635516],[122.4321736,13.6233555],[122.444342,13.6071415],[122.4463703,13.5929547],[122.4524545,13.5807943],[122.4686792,13.5666076],[122.4869321,13.554447],[122.5011291,13.5341809],[122.5391585,13.4690309],[122.5599438,13.4774321],[122.5761689,13.4895935],[122.6032809,13.5075379],[122.6033949,13.5096652],[122.6033091,13.5152814],[122.6030408,13.5168747],[122.6026609,13.5183457],[122.6022355,13.519586],[122.6016497,13.5205323],[122.6005338,13.5214505],[122.5981159,13.5224164],[122.5917652,13.5250182],[122.5853592,13.5285929],[122.5830132,13.5303658],[122.5811187,13.5325067],[122.579957,13.5352604],[122.5786381,13.53766],[122.5776531,13.5393887],[122.5753497,13.5414521],[122.5721468,13.5437569],[122.5711422,13.5447961],[122.5702623,13.5457271],[122.5699119,13.5466849],[122.569905,13.5478333],[122.5696462,13.5492547],[122.5689332,13.5503668],[122.5683704,13.5509129],[122.5677551,13.5513402],[122.5672414,13.5520604],[122.5670481,13.5533712],[122.5674665,13.5553453],[122.5682611,13.5569358],[122.5689015,13.5591511],[122.56931,13.5612971],[122.5697678,13.5625841],[122.5700359,13.563057],[122.5704905,13.5633675],[122.5721295,13.5636235],[122.5747891,13.5635873],[122.578434,13.5628543],[122.5810285,13.5618957],[122.583538,13.5603582],[122.5852755,13.5588974],[122.5859302,13.5577818],[122.5867385,13.5560425],[122.5874488,13.553955],[122.5884243,13.5513638],[122.5901359,13.5482934],[122.5923577,13.5445604],[122.595038,13.5410812],[122.5973644,13.5386176],[122.5988208,13.5369121],[122.6013043,13.5348014],[122.6043804,13.5326621],[122.6056142,13.5317497],[122.6069199,13.5306113],[122.6073912,13.5296027],[122.6075777,13.5284072],[122.6080164,13.5269374],[122.6081802,13.5240769],[122.6082393,13.5220154],[122.6083508,13.5200704],[122.6087336,13.5185417],[122.6095615,13.5174941],[122.6105694,13.5163982],[122.6120684,13.5149832],[122.6135868,13.5132246],[122.6153439,13.5114222],[122.6165435,13.5105532],[122.6165432,13.5105537],[122.616823,13.5103507],[122.6186948,13.5096426],[122.6210803,13.5092484],[122.622494,13.5093206],[122.6256652,13.5086212],[122.6274945,13.5086567],[122.6288496,13.5087254],[122.6301324,13.50902],[122.6314283,13.5090864],[122.6325641,13.5088575],[122.6335066,13.5089052],[122.6343315,13.5089471],[122.6346195,13.5090764],[122.6351825,13.5095632],[122.6355521,13.5103278],[122.6357389,13.5122292],[122.6362233,13.5161531]]],[[[121.4921148,14.0751184],[121.4914578,14.0746035],[121.4900965,14.0742617],[121.4882446,14.0735756],[121.4863943,14.0734137],[121.4838845,14.0722681],[121.4815583,14.0714196],[121.4783909,14.07022],[121.4771343,14.069594],[121.5276222,13.9904641],[121.5347841,13.9886487],[121.5469828,13.9658941],[121.5530188,13.9436659],[121.553854,13.9425172],[121.5943164,13.9740844],[121.602073,13.9676715],[121.6058999,13.9753704],[121.6120876,13.9816545],[121.6145758,13.9858371],[121.614579,13.9858428],[121.6291205,14.0120342],[121.6307284,14.0129439],[121.633425,14.0147738],[121.6358307,14.0167852],[121.6375787,14.0186165],[121.6390196,14.0199331],[121.6399877,14.0216561],[121.6410133,14.0221071],[121.6423926,14.0234233],[121.6437099,14.024225],[121.6451051,14.0255425],[121.6460552,14.0263444],[121.6474512,14.0278958],[121.6484623,14.0287523],[121.650148,14.0301866],[121.6511148,14.0315039],[121.6521423,14.0325311],[121.6529855,14.0332804],[121.6535856,14.0346601],[121.6552696,14.0354536],[121.656526,14.0365443],[121.6585176,14.0380322],[121.660004,14.0391772],[121.6631907,14.0415214],[121.6654117,14.0428365],[121.6683528,14.0448381],[121.6700225,14.0459829],[121.6718736,14.0463242],[121.6739893,14.048615],[121.6753677,14.0492994],[121.6767469,14.0503906],[121.6779399,14.0506152],[121.6796082,14.0513532],[121.6809241,14.0515863],[121.6845045,14.0524951],[121.6855142,14.0528362],[121.6881908,14.0531141],[121.6914787,14.0532731],[121.6941378,14.0528095],[121.6956991,14.0535479],[121.6980676,14.0527957],[121.7001626,14.0529652],[121.7014019,14.0532442],[121.7035404,14.0526636],[121.7056803,14.0523722],[121.7069948,14.052082],[121.7087064,14.0517917],[121.7101437,14.0517892],[121.7113202,14.0515537],[121.7130461,14.0509109],[121.7151702,14.0503312],[121.7192634,14.0487732],[121.7217106,14.0488788],[121.7234835,14.0486418],[121.7264026,14.0482866],[121.7291213,14.0471912],[121.7306646,14.0468999],[121.7332777,14.046256],[121.7349433,14.0457935],[121.7367159,14.0454479],[121.7395748,14.0451464],[121.7412402,14.0449732],[121.7421865,14.04416],[121.7430739,14.0445013],[121.7440804,14.0435257],[121.7452556,14.0427205],[121.7466163,14.0425377],[121.7487547,14.0419035],[121.7505884,14.0413231],[121.7529093,14.0401102],[121.7549277,14.0401624],[121.7558126,14.0394652],[121.7568216,14.039293],[121.7583026,14.038713],[121.7593103,14.0381972],[121.7602578,14.0379614],[121.7615561,14.0373273],[121.7628546,14.036865],[121.7638172,14.0366835],[121.7649941,14.0363934],[121.7670716,14.035813],[121.7683865,14.0358107],[121.7701157,14.036206],[121.7711252,14.0363761],[121.7720113,14.0360856],[121.7737397,14.0362006],[121.7749335,14.0366496],[121.7767435,14.0386069],[121.7777079,14.039057],[121.7782461,14.0400937],[121.7796227,14.0402001],[121.7804657,14.0409479],[121.7810643,14.0416335],[121.7819072,14.0424988],[121.7819263,14.0438165],[121.7822359,14.0451436],[121.7828514,14.0465682],[121.782747,14.0474356],[121.7824007,14.0495571],[121.78207,14.0515172],[121.7816766,14.0530158],[121.7811621,14.0550292],[121.7804026,14.0567554],[121.7797186,14.0584165],[121.7786521,14.0597999],[121.7770227,14.0622212],[121.7759115,14.064001],[121.7752721,14.0651571],[121.7733188,14.0665416],[121.7715656,14.0684391],[121.7702072,14.0693079],[121.7690784,14.0703474],[121.7675354,14.0708096],[121.7656416,14.0715073],[121.7645292,14.0730079],[121.7627579,14.0740396],[121.7607429,14.0752519],[121.7586808,14.076003],[121.757263,14.0773958],[121.7563179,14.0784892],[121.7545459,14.0791773],[121.7527761,14.0805603],[121.7506373,14.0813222],[121.7492337,14.0825331],[121.7484095,14.0830486],[121.7469294,14.0842059],[121.7455719,14.0853549],[121.7438008,14.0862237],[121.741287,14.0896209],[121.7399289,14.0905969],[121.73738,14.0922707],[121.7359179,14.0944021],[121.7347424,14.0952163],[121.7317809,14.0968901],[121.729906,14.0990769],[121.7269828,14.1038018],[121.7256861,14.1048955],[121.7248017,14.1057632],[121.7225745,14.1076611],[121.7206832,14.1093878],[121.7188082,14.1113486],[121.7170389,14.1131381],[121.7147961,14.1148098],[121.7110094,14.1167196],[121.707266,14.1177617],[121.7054943,14.1185126],[121.7025296,14.1190391],[121.6987247,14.1197926],[121.6951199,14.1211866],[121.6917277,14.1220564],[121.6892983,14.1228081],[121.6856939,14.1242563],[121.6798703,14.1248493],[121.6765384,14.1253214],[121.6752396,14.1256657],[121.6725652,14.1260747],[121.6704863,14.1262575],[121.668224,14.1263761],[121.6657331,14.1268391],[121.6631804,14.1272566],[121.6596658,14.1278382],[121.6565782,14.128021],[121.6544382,14.1282576],[121.6515335,14.1284311],[121.647421,14.1286792],[121.645113,14.1287985],[121.6419033,14.1292075],[121.6403611,14.1300202],[121.6380552,14.1308897],[121.6349688,14.1316405],[121.6318831,14.1326908],[121.6285505,14.1329272],[121.6261018,14.133381],[121.6257318,14.1306907],[121.623488,14.1265672],[121.6222559,14.1231748],[121.6190503,14.119449],[121.6162896,14.1161292],[121.6145007,14.1159596],[121.6123411,14.1145257],[121.6091743,14.1138509],[121.6052055,14.1105229],[121.6022188,14.108701],[121.5997525,14.1068618],[121.5979414,14.1042265],[121.5938088,14.1023967],[121.5908224,14.1006301],[121.5893221,14.0997728],[121.5848776,14.0959309],[121.5832364,14.0938106],[121.5819173,14.0922051],[121.5812829,14.089624],[121.580129,14.0869257],[121.5792681,14.0850302],[121.5784216,14.0830264],[121.5764287,14.0810237],[121.575094,14.0792463],[121.5744341,14.0783803],[121.5715538,14.0762695],[121.5692068,14.0733381],[121.5658526,14.0710561],[121.5638602,14.0693324],[121.5614713,14.0679623],[121.5568058,14.0668271],[121.5548515,14.0677578],[121.5514729,14.0678222],[121.5499291,14.0677689],[121.5481412,14.0682938],[121.5461252,14.0688726],[121.542995,14.0703723],[121.5399111,14.0718802],[121.5387967,14.0724587],[121.5367216,14.0737772],[121.5330979,14.0737337],[121.5308991,14.0746006],[121.5267599,14.0758759],[121.5237557,14.0786472],[121.5198888,14.0790552],[121.5168014,14.0793537],[121.5143118,14.0799418],[121.5113487,14.0809257],[121.5078505,14.0819109],[121.5062449,14.0819111],[121.5028079,14.082788],[121.501781,14.0817501],[121.5011217,14.0811279],[121.4996652,14.0795754],[121.49818,14.0786645],[121.4964949,14.0774642],[121.4951167,14.0766071],[121.4928519,14.0756958],[121.4921148,14.0751184]]]]},"properties":{"FID":34,"MUNCODE":166036,"COUNT":2,"AREA":547038244.721,"PERIMETER":193589.163,"HECTARES":54703.8244721,"REGION":"IV","DIST_CODE":"FIRST","PROVINCE":"QUEZON","MUNICIPALI":"TAYABAS","NEWFIELD1":" ","area_sqm":0}},{"type":"Feature","id":35,"geometry":{"type":"Polygon","coordinates":[[[121.4606646,14.0658898],[121.4628155,14.0638042],[121.4637102,14.0629376],[121.4655556,14.0611777],[121.4652288,14.0591113],[121.464841,14.0569892],[121.4634405,14.0536595],[121.4626201,14.0498138],[121.4624557,14.0457893],[121.4617399,14.0411409],[121.4611193,14.0379812],[121.4604833,14.0346508],[121.4600759,14.0310947],[121.4597449,14.0274125],[121.4596032,14.0259767],[121.457669,14.0230527],[121.4562938,14.0178272],[121.4553683,14.0148486],[121.4548536,14.011058],[121.4539279,14.0081878],[121.4534333,14.0062378],[121.4522656,14.0040531],[121.4508049,14.0011298],[121.449486,13.9995768],[121.4489122,13.9967067],[121.4470427,13.9949377],[121.445723,13.9932141],[121.4426412,13.9898386],[121.439696,13.9862278],[121.43684,13.9816978],[121.4344554,13.9764715],[121.434145,13.9748108],[121.4335289,13.9729697],[121.4327094,13.9698188],[121.4326876,13.9675182],[121.4323358,13.9620575],[121.4334907,13.9595295],[121.4338815,13.9572915],[121.434274,13.9554501],[121.4346635,13.9528053],[121.435239,13.9509639],[121.4357989,13.9488343],[121.4358404,13.9473985],[121.4364564,13.9436625],[121.4370747,13.9406203],[121.4368074,13.9380933],[121.4374459,13.9367664],[121.4368096,13.9335523],[121.4373042,13.9300506],[121.4378413,13.9254475],[121.4381688,13.9225775],[121.4382702,13.9204472],[121.4376323,13.9166557],[121.4377187,13.9147603],[121.4376389,13.9082167],[121.4377401,13.9061496],[121.437102,13.902296],[121.4372033,13.9005182],[121.4369188,13.8972409],[121.4370016,13.8941997],[121.436959,13.8899488],[121.4372704,13.8866719],[121.4373736,13.8852907],[121.4370627,13.8836301],[121.4370253,13.8811034],[121.437064,13.8786834],[121.4365515,13.8761571],[121.4350274,13.8722572],[121.4335479,13.8681326],[121.4314932,13.8660122],[121.4292679,13.8631416],[121.4279341,13.8616529],[121.4262452,13.8592422],[121.4249528,13.8563809],[121.4243932,13.8532769],[121.4241293,13.8518956],[121.424294,13.8506324],[121.4242733,13.8487996],[121.4247241,13.8460919],[121.4250985,13.8435102],[121.4249113,13.8422469],[121.4237397,13.8389797],[121.4243295,13.8381847],[121.4254394,13.83628],[121.4258489,13.8351347],[121.4265926,13.8331757],[121.4273504,13.8312169],[121.4284625,13.8297811],[121.4295147,13.8289687],[121.4309948,13.8280483],[121.432949,13.8272992],[121.433772,13.8264322],[121.4356038,13.825566],[121.4363205,13.8249886],[121.4378023,13.8247529],[121.4395911,13.8247439],[121.4411973,13.8250321],[121.4429876,13.8258265],[121.4441382,13.827036],[121.4450261,13.8276586],[121.4463421,13.8279471],[121.4474104,13.8274782],[121.4477598,13.8266205],[121.4478641,13.8257534],[121.4476156,13.8245531],[121.447578,13.8220806],[121.4477414,13.820528],[121.4482121,13.8193808],[121.4490182,13.8180006],[121.4498394,13.8167279],[121.4515305,13.8132969],[121.4551192,13.8062621],[121.4553484,13.8064319],[121.4563505,13.8070529],[121.4581733,13.808575],[121.4585818,13.8091392],[121.4587497,13.8099289],[121.4589189,13.8106621],[121.4586778,13.8108877],[121.4579663,13.8107748],[121.4570186,13.8105485],[121.456716,13.8109432],[121.4565259,13.8118459],[121.4558431,13.8141014],[121.4560644,13.8153412],[121.4564111,13.8160744],[121.4569409,13.8164687],[121.4580693,13.8165255],[121.459443,13.8160178],[121.4599898,13.8151161],[121.4601785,13.8143264],[121.4605945,13.8143267],[121.4616545,13.8150599],[121.4638704,13.8183302],[121.4659536,13.8226143],[121.4676932,13.8258838],[121.4692658,13.8283071],[121.4729033,13.8319149],[121.4753073,13.8343942],[121.4810688,13.8392389],[121.482177,13.8408163],[121.4849321,13.8437463],[121.4880556,13.8458299],[121.491897,13.8476321],[121.496509,13.8496582],[121.4973378,13.8499401],[121.4999859,13.851345],[121.5060562,13.8545086],[121.5131116,13.8580543],[121.5244359,13.8630448],[121.5348833,13.8671087],[121.547299,13.8715228],[121.558681,13.8766286],[121.5640572,13.8795698],[121.5662889,13.8813332],[121.569051,13.8840014],[121.5724982,13.8869436],[121.5762209,13.8892037],[121.5805337,13.8913825],[121.5838471,13.8926854],[121.58624,13.8934348],[121.5665025,13.9300203],[121.5560827,13.9394502],[121.553854,13.9425172],[121.5530188,13.9436659],[121.5469828,13.9658941],[121.5347841,13.9886487],[121.5276222,13.9904641],[121.4771343,14.069594],[121.4756356,14.0688479],[121.4735406,14.0686234],[121.4722853,14.068055],[121.4708023,14.0678829],[121.4691346,14.0675492],[121.4671003,14.0670357],[121.4656781,14.066638],[121.4637656,14.0662959],[121.4606646,14.0658898]]]},"properties":{"FID":35,"MUNCODE":166037,"COUNT":1,"AREA":259239794.306,"PERIMETER":76451.076,"HECTARES":25923.9794306,"REGION":"IV","DIST_CODE":"SECOND","PROVINCE":"QUEZON","MUNICIPALI":"SARIAYA","NEWFIELD1":" ","area_sqm":0}},{"type":"Feature","id":36,"geometry":{"type":"Polygon","coordinates":[[[122.5259754,13.9218371],[122.5262425,13.9225011],[122.5262425,13.9224998],[122.5266233,13.9234444],[122.5267285,13.924724],[122.5265059,13.9255249],[122.5254813,13.9269222],[122.5242994,13.9290062],[122.5233932,13.9324957],[122.5235509,13.9338941],[122.5244293,13.9350961],[122.5260152,13.9363346],[122.5274182,13.9376789],[122.5280672,13.938755],[122.5292009,13.9396218],[122.5299287,13.9403544],[122.5310857,13.9418599],[122.531578,13.9436228],[122.5311203,13.9464983],[122.531,13.9486365],[122.5305191,13.9498302],[122.5288719,13.9517767],[122.5276078,13.9532209],[122.5274004,13.9539235],[122.5271694,13.9547063],[122.5271737,13.956735],[122.5275246,13.9578546],[122.5289864,13.9592024],[122.5302482,13.9599033],[122.5322996,13.9602373],[122.5330761,13.9601009],[122.534462,13.9596481],[122.5358836,13.9585602],[122.5371413,13.9572312],[122.5386868,13.956079],[122.5395488,13.9554375],[122.5415434,13.9536239],[122.5426701,13.9525207],[122.5440233,13.9516021],[122.5454774,13.9499355],[122.5473962,13.9473644],[122.5506159,13.943757],[122.5533316,13.941748],[122.555985,13.9397941],[122.5585374,13.9385872],[122.5596745,13.9383542],[122.5611184,13.9378945],[122.5693218,13.9481863],[122.5719042,13.9500252],[122.5752291,13.9515512],[122.5774459,13.9524027],[122.583168,13.9541317],[122.6031626,13.9594037],[122.6165625,13.9607849],[122.6646241,13.9716723],[122.6797387,13.9729257],[122.8015691,13.9972894],[122.4464656,14.1610853],[122.4153834,14.1357519],[122.3541852,14.0900979],[122.353774,14.0897351],[122.3533576,14.0893791],[122.352936,14.0890288],[122.3525094,14.088684],[122.3520776,14.0883472],[122.3516411,14.0880149],[122.3511997,14.0876905],[122.3507537,14.0873717],[122.350303,14.0870597],[122.349848,14.0867544],[122.3493883,14.086456],[122.3489242,14.0861643],[122.3484561,14.0858793],[122.3479839,14.0856012],[122.3475073,14.0853298],[122.3470272,14.0850651],[122.3465431,14.0848084],[122.3460555,14.0845584],[122.3455641,14.0843152],[122.3450692,14.08408],[122.3445708,14.0838514],[122.3440692,14.0836308],[122.3435644,14.083417],[122.3469931,14.0489637],[122.351049,14.0205901],[122.3571335,13.9922161],[122.365246,13.9618161],[122.3672741,13.941548],[122.4301805,13.9181205],[122.4310082,13.9191475],[122.4326344,13.9196362],[122.4342997,13.9204741],[122.4358933,13.9215402],[122.4366819,13.9222179],[122.4376013,13.922671],[122.4386483,13.9229559],[122.4403927,13.9224062],[122.4408769,13.9221993],[122.4418652,13.9224819],[122.4424868,13.9229761],[122.4437533,13.9235621],[122.445118,13.9234579],[122.4463877,13.9229431],[122.4469345,13.922681],[122.4481582,13.9229743],[122.4493334,13.9241354],[122.4513033,13.9258578],[122.4532574,13.9268262],[122.4543244,13.9267642],[122.4556304,13.9266563],[122.4564977,13.9269894],[122.4573126,13.928248],[122.4577806,13.9293736],[122.4585599,13.9302242],[122.4595351,13.9307372],[122.460491,13.930554],[122.4613355,13.9302484],[122.461938,13.9300474],[122.4628183,13.9301488],[122.46365,13.9311181],[122.4644912,13.9319145],[122.4665863,13.9324842],[122.4694967,13.9332682],[122.4705083,13.933146],[122.4722106,13.9323043],[122.473029,13.9314178],[122.4747247,13.9296492],[122.4778869,13.9249408],[122.4791668,13.9242518],[122.4798676,13.9244025],[122.4805596,13.9247871],[122.4811282,13.9251037],[122.482644,13.9254697],[122.4839539,13.9253041],[122.4849817,13.9248926],[122.4855513,13.9242258],[122.486049,13.9237872],[122.4875389,13.9235722],[122.4886586,13.9236288],[122.4894642,13.9240171],[122.4905281,13.9240125],[122.491419,13.9239409],[122.4929812,13.9245409],[122.4945693,13.9257219],[122.4968258,13.9265878],[122.4975872,13.9266945],[122.4981162,13.926769],[122.4995633,13.9262623],[122.5013937,13.9252533],[122.5032963,13.9240162],[122.5048124,13.9233389],[122.5067283,13.9229133],[122.5097544,13.9227171],[122.5118487,13.9226822],[122.5118485,13.9226829],[122.512358,13.9226738],[122.5153188,13.9225904],[122.5172122,13.9225693],[122.5178769,13.9223129],[122.5183843,13.9217013],[122.5190228,13.9208639],[122.5198415,13.9199783],[122.5204508,13.9196608],[122.5219409,13.9194456],[122.5230611,13.9195021],[122.5249645,13.92035],[122.5257414,13.921258],[122.5259754,13.9218371]]]},"properties":{"FID":36,"MUNCODE":166038,"COUNT":1,"AREA":719530191.436,"PERIMETER":128122.071,"HECTARES":71953.0191436,"REGION":"IV","DIST_CODE":"FOURTH","PROVINCE":"QUEZON","MUNICIPALI":"TAGKAWAYAN","NEWFIELD1":" ","area_sqm":0}},{"type":"Feature","id":37,"geometry":{"type":"Polygon","coordinates":[[[122.1343262,14.0195712],[122.135244,14.0192773],[122.1376122,14.0185184],[122.1404404,14.0172118],[122.1430873,14.0147948],[122.1443646,14.0139325],[122.1469575,14.0126126],[122.1490499,14.0119057],[122.1513738,14.0112685],[122.1521702,14.0106136],[122.1530535,14.0093826],[122.1539981,14.0080975],[122.1553588,14.0067167],[122.1568813,14.0056337],[122.1585628,14.004906],[122.1623075,14.0040488],[122.1704634,14.0031196],[122.1728641,14.0032962],[122.1746059,14.0037293],[122.1768639,14.0044196],[122.1836688,14.0058553],[122.1863368,14.006565],[122.1881535,14.0078707],[122.1888062,14.0089454],[122.1892691,14.0102998],[122.189422,14.0119865],[122.1894297,14.0142456],[122.18932,14.0164988],[122.1880346,14.0199674],[122.1857296,14.0250646],[122.1837848,14.0287898],[122.1817118,14.0315245],[122.1796831,14.0345498],[122.1774304,14.0385485],[122.1750852,14.0418586],[122.1730732,14.0446986],[122.1702356,14.0486093],[122.1657075,14.0534194],[122.1602498,14.0591665],[122.1583559,14.0607308],[122.1551617,14.0633687],[122.1512229,14.065718],[122.1460643,14.0689331],[122.1410222,14.0721519],[122.1391315,14.0735036],[122.1368583,14.0766293],[122.1356959,14.0787102],[122.1343084,14.0817634],[122.1332168,14.0847735],[122.1311305,14.0876749],[122.1284142,14.0890428],[122.1258911,14.0900733],[122.1239838,14.0905569],[122.1203981,14.0916502],[122.1161401,14.0936124],[122.1148552,14.0942055],[122.1059551,14.1002911],[122.0965828,14.1063508],[122.0921581,14.093773],[122.0840865,14.0760245],[122.07584,14.0632262],[122.0772316,14.0624868],[122.0782995,14.0611528],[122.0794847,14.0598238],[122.0835283,14.0566726],[122.087332,14.0547816],[122.0925148,14.0523804],[122.0957977,14.0505585],[122.0961472,14.0503643],[122.0970958,14.0492151],[122.0980263,14.0480862],[122.1007104,14.0438232],[122.1014077,14.0428166],[122.1037475,14.0407357],[122.1081829,14.0367323],[122.1112494,14.0342234],[122.1121477,14.0336232],[122.1139877,14.0323924],[122.1163481,14.0310641],[122.1187424,14.0290409],[122.1218389,14.0258968],[122.123506,14.0243003],[122.1256138,14.0233055],[122.1284902,14.0222332],[122.1343262,14.0195712]]]},"properties":{"FID":37,"MUNCODE":166039,"COUNT":1,"AREA":64907204.169,"PERIMETER":35414.453,"HECTARES":6490.7204169,"REGION":"IV","DIST_CODE":"FOURTH","PROVINCE":"QUEZON","MUNICIPALI":"QUEZON","NEWFIELD1":" ","area_sqm":0}},{"type":"Feature","id":38,"geometry":{"type":"Polygon","coordinates":[[[121.2622792,13.9717926],[121.2622791,13.9678383],[121.2631961,13.9636872],[121.2683912,13.9527619],[121.2764401,13.9428542],[121.2794946,13.9389046],[121.2838769,13.9347552],[121.2887727,13.9312127],[121.2971284,13.9232971],[121.297611,13.9228191],[121.2980885,13.9223355],[121.2985599,13.9218474],[121.2990262,13.9213524],[121.2994865,13.9208528],[121.299941,13.9203476],[121.3003894,13.9198378],[121.3008321,13.9193223],[121.3012691,13.9188022],[121.3016997,13.9182764],[121.3021246,13.9177461],[121.3025432,13.9172113],[121.3029554,13.9166718],[121.3192058,13.9242921],[121.323997,13.9247962],[121.3295446,13.9222752],[121.3479535,13.8973115],[121.358293,13.8791568],[121.3610397,13.8732594],[121.3619427,13.8724282],[121.3629212,13.8711603],[121.3644448,13.8694373],[121.3659683,13.8678758],[121.3671417,13.8664408],[121.3693038,13.8637334],[121.3705981,13.8618292],[121.3719958,13.8590139],[121.3735806,13.8574528],[121.3751648,13.855494],[121.3768097,13.8534271],[121.3783943,13.8518659],[121.3807606,13.8507743],[121.3841961,13.8494389],[121.386381,13.8491415],[121.3885205,13.8490245],[121.3909066,13.8495294],[121.3892175,13.8521204],[121.3884558,13.8531583],[121.3878783,13.8540787],[121.3869957,13.8555767],[121.3856157,13.8591956],[121.3852076,13.8606945],[121.3847508,13.861444],[121.3833515,13.8637453],[121.3828818,13.8652427],[121.3823837,13.8673635],[121.3820961,13.8682305],[121.3809867,13.8705314],[121.3802875,13.8719674],[121.3797708,13.8730588],[121.3784325,13.8751887],[121.3775512,13.876976],[121.3772176,13.8780132],[121.3763963,13.8794483],[121.3754716,13.8819211],[121.3749558,13.8832486],[121.3740717,13.8842766],[121.3734339,13.8855491],[121.3737436,13.8870392],[121.3696447,13.8915324],[121.3689463,13.8930315],[121.3681259,13.8947005],[121.3670756,13.8962527],[121.3663328,13.8984373],[121.3646261,13.9002235],[121.3641098,13.9013702],[121.3629399,13.9039599],[121.3620144,13.9062066],[121.3604311,13.9084545],[121.360266,13.9094285],[121.3595216,13.9109273],[121.3591118,13.9119561],[121.3584735,13.9132828],[121.3577114,13.9140855],[121.3567224,13.915647],[121.356314,13.9171357],[121.3562717,13.9183455],[121.3561687,13.9196633],[121.3558198,13.9207004],[121.3554285,13.9227134],[121.3548099,13.9308181],[121.3554275,13.9331113],[121.3556285,13.933968],[121.3556526,13.9369012],[121.3563909,13.9386168],[121.3577487,13.9428685],[121.3584069,13.9486724],[121.3584257,13.9498182],[121.3584647,13.9529232],[121.3583216,13.9563073],[121.3577028,13.959069],[121.3576605,13.9602697],[121.3568589,13.9632663],[121.354161,13.9659189],[121.3520447,13.9689687],[121.3513445,13.970061],[121.3502334,13.9716669],[121.3491831,13.9731105],[121.3482998,13.9742027],[121.3471269,13.9756996],[121.3456627,13.9768545],[121.3453141,13.9778295],[121.3434408,13.9801938],[121.3429079,13.9809427],[121.3421474,13.9822063],[121.3414647,13.9839924],[121.341238,13.9849128],[121.3408488,13.987955],[121.34128,13.9891014],[121.3411331,13.9912312],[121.3419798,13.9934063],[121.3425519,13.9957083],[121.3433987,13.9978291],[121.3439081,13.9996075],[121.3439129,14.0012774],[121.3438656,14.0029255],[121.3407974,14.0012482],[121.3395433,13.999137],[121.3351247,13.9942406],[121.3287825,13.9873672],[121.3221253,13.9831228],[121.3175166,13.9803907],[121.3156929,13.9799645],[121.3118823,13.9790738],[121.3054302,13.9778538],[121.2965239,13.9771294],[121.287827,13.9762921],[121.2799541,13.9747395],[121.2726981,13.9724702],[121.2622792,13.9717926]]]},"properties":{"FID":38,"MUNCODE":166040,"COUNT":1,"AREA":72425776.587,"PERIMETER":50326.581,"HECTARES":7242.5776587,"REGION":"IV","DIST_CODE":"SECOND","PROVINCE":"QUEZON","MUNICIPALI":"TIAONG","NEWFIELD1":" ","area_sqm":0}},{"type":"Feature","id":39,"geometry":{"type":"Polygon","coordinates":[[[122.0333516,13.8690291],[122.0226058,13.8660052],[122.0098371,13.8574836],[122.0034526,13.8494961],[121.9965359,13.8340509],[121.9954716,13.8191392],[121.9970176,13.8091271],[121.9992327,13.8104098],[122.0004162,13.8103434],[122.0012956,13.8102928],[122.0029446,13.8092258],[122.0048,13.8076489],[122.0058565,13.8066644],[122.0080006,13.8041766],[122.0089818,13.8034776],[122.0098907,13.8030067],[122.0116645,13.802816],[122.0122433,13.8029641],[122.0126946,13.803279],[122.0141417,13.8036487],[122.0154886,13.8037242],[122.0186166,13.8044769],[122.020164,13.8051431],[122.0220386,13.8062321],[122.0235418,13.8076485],[122.0244999,13.8083382],[122.0250823,13.8084287],[122.0258055,13.8081219],[122.0259015,13.8074894],[122.0252183,13.8061181],[122.0239808,13.8051809],[122.0232534,13.8045609],[122.0225568,13.8034213],[122.0220112,13.8017104],[122.0218102,13.8001353],[122.0216194,13.7983862],[122.0217112,13.796827],[122.0220069,13.7958009],[122.0231561,13.7942425],[122.0247434,13.7932306],[122.0280562,13.7918503],[122.0311562,13.7910963],[122.0325201,13.7908824],[122.0350445,13.7899216],[122.0369868,13.7888714],[122.0392905,13.7876666],[122.0414911,13.7862253],[122.0427373,13.7850209],[122.0449512,13.7946412],[122.0486753,13.8020964],[122.0550595,13.8106185],[122.0603803,13.8202044],[122.0637661,13.8316418],[122.0550351,13.8427672],[122.0567348,13.8446113],[122.0581401,13.8464464],[122.0590335,13.8493599],[122.0594737,13.8533532],[122.0591314,13.8577831],[122.0574385,13.8620519],[122.0496467,13.8669807],[122.0390245,13.8750456],[122.0333516,13.8690291]]]},"properties":{"FID":39,"MUNCODE":166041,"COUNT":1,"AREA":46805984.173,"PERIMETER":29304.795,"HECTARES":4680.5984173,"REGION":"IV","DIST_CODE":"THIRD","PROVINCE":"QUEZON","MUNICIPALI":"UNISAN","NEWFIELD1":" ","area_sqm":0}}]}